# Made in Blockbench 5.1.6
mtllib tiantui star blade.mtl

o unknown.004
v 0.06588625 0.31978062499999993 -0.11113875000000001
v 0.023758749999999988 0.3437981250000002 -0.1374125
v 0.062496874999999986 0.3483900000000002 -0.11885812500000001
v 0.03339624999999999 -1.37268 -0.127206875
v 0.07352437499999999 -1.379818125 -0.09005
v 0.036678749999999996 -1.4003662499999998 -0.099326875
v 0.1457725 0.8478325 -0.09004875000000001
v 0.1039425 0.8693324999999996 -0.06124000000000001
v 0.144865 0.8554981250000004 -0.06124000000000002
v 0.0029900000000000135 -0.8975724999999999 0.004726250000000015
v 0.04621062500000002 -0.9308025 -0.003623749999999995
v 0.04281937500000001 -0.9021931250000002 -0.011343749999999993
v -0.01273187499999999 -0.586096875 -0.023154999999999988
v 0.021631875000000016 -0.5446049999999998 -0.011343749999999993
v -0.016014374999999983 -0.558410625 0.004726250000000015
v 0.015238125000000005 -1.0009018749999998 -0.023154999999999988
v 0.04960187500000001 -0.9594100000000001 -0.01134375
v 0.011955625000000011 -0.9732156249999999 0.004726250000000015
v 0.019274375000000017 0.38161999999999985 0.004726250000000015
v 0.056621250000000005 0.3979400000000002 -0.032431875
v 0.015991250000000005 0.409305625 -0.023154999999999995
v 0.06425750000000001 -1.3016575000000001 -0.01134375
v 0.021147500000000007 -1.269350625 -0.023154999999999995
v 0.024428750000000013 -1.2970368749999999 0.004726250000000015
v 0.15842937499999998 0.7410643749999997 -0.061240000000000024
v 0.12067375000000001 0.72818 -0.023155000000000016
v 0.121875625 0.7180462500000004 -0.06124000000000002
v 0.024428749999999985 -1.2970368749999999 -0.127206875
v 0.061775624999999994 -1.2807149999999998 -0.09005
v 0.0642575 -1.3016575000000001 -0.11114062499999999
v 0.02411375000000001 -0.56554875 -0.03243187499999999
v 0.011457500000000002 -0.45878062500000016 -0.06124187499999999
v 0.012366875000000006 -0.466445625 -0.032431874999999985
v 0.11739312499999999 0.7558681250000001 -0.127206875
v -0.3743725 0.7359249999999999 -0.1374124999999999
v 0.11290812499999998 0.7936893749999996 -0.13741250000000002
v 0.014848750000000015 -0.48738812499999984 -0.011341874999999987
v -0.028263124999999986 -0.4550812500000001 -0.02315499999999998
v -0.02497999999999999 -0.4827675 0.004726250000000015
v 0.11739312500000001 0.7558681250000001 0.004726249999999987
v 0.15164625 0.7982812499999996 -0.0036225000000000215
v 0.11290812500000001 0.7936893749999996 0.014931874999999983
v 0.10842562500000001 0.8315112500000001 0.004726249999999987
v 0.1457725 0.8478325 -0.03243187500000001
v 0.1051425 0.8591974999999996 -0.02315500000000001
v 0.15164624999999998 0.7982812499999996 -0.11885812500000002
v 0.15503937499999998 0.7696718750000002 -0.11113875000000002
v -0.0002931249999999913 -0.86988625 -0.023154999999999988
v 0.04033687500000001 -0.8812506249999998 -0.032431875
v -0.0014949999999999963 -0.8597524999999999 -0.06124187499999999
v 0.024113749999999996 -0.56554875 -0.09004875
v -0.011529999999999999 -0.5962325000000002 -0.06124187499999998
v -0.012731875000000017 -0.586096875 -0.09932687499999998
v 0.03152437499999999 0.27828874999999975 -0.099326875
v 0.028239999999999987 0.3059750000000001 -0.127206875
v -0.001833124999999991 -0.06274999999999986 0.004726250000000015
v 0.03551437500000001 -0.04642812499999982 -0.03243187499999999
v -0.005115624999999985 -0.03506374999999995 -0.023154999999999988
v 0.14825500000000003 0.8268906249999999 -0.011341875000000022
v 0.15752125 0.7487293749999999 -0.09004875000000002
v 0.14825499999999997 0.8268906249999999 -0.11113875000000002
v 0.15752125 0.7487293749999999 -0.03243187500000002
v 0.155039375 0.7696718750000002 -0.011341875000000022
v -0.0051156250000000125 -0.03506374999999995 -0.09932687499999998
v 0.03799624999999999 -0.06737062500000013 -0.11113875
v -0.0018331250000000188 -0.06274999999999986 -0.127206875
v 0.007132499999999986 -0.1383931249999999 -0.127206875
v 0.04138749999999999 -0.09597999999999995 -0.118858125
v 0.04477937499999999 -0.12458937499999978 -0.11113875
v 0.01041562499999999 -0.1660793749999998 -0.09932687499999998
v -0.319571875 -0.59439625 0.0047262500000000846
v -0.316290625 -0.6220824999999999 -0.02315499999999992
v -0.23727125 -1.2999831249999998 -0.09932687499999993
v 0.019945625 -1.2592150000000002 -0.06124187499999999
v 0.021147499999999993 -1.269350625 -0.099326875
v 0.05910499999999999 0.3769974999999999 -0.11113875000000001
v 0.06837 0.2988381249999996 -0.09004875
v 0.06837000000000001 0.2988381249999996 -0.032431875
v 0.05571375 0.40560500000000044 -0.061239999999999996
v 0.05910500000000001 0.3769974999999999 -0.011341875000000001
v 0.06588625000000001 0.31978062499999993 -0.011341875000000001
v 0.062496875000000014 0.3483900000000002 -0.0036225000000000007
v 0.0744325 -1.38748375 -0.061241875
v 0.03667875000000001 -1.4003662499999998 -0.023154999999999995
v 0.03787875 -1.410501875 -0.061241874999999994
v 0.01599124999999999 0.409305625 -0.099326875
v 0.01927437499999999 0.38161999999999985 -0.127206875
v 0.025023749999999997 -0.573214375 -0.061241874999999994
v 0.047261250000000005 -0.1455318750000001 -0.032431875
v 0.011617500000000003 -0.176215 -0.06123999999999999
v 0.048170625 -0.1531968749999999 -0.061239999999999996
v 0.12067375 0.72818 -0.09932687500000001
v 0.035514374999999994 -0.04642812499999982 -0.09004875
v 0.034605 -0.03876312500000001 -0.061239999999999996
v 0.04726124999999999 -0.1455318750000001 -0.09004875
v 0.03799625000000001 -0.06737062500000013 -0.011341874999999994
v 0.04477937500000001 -0.12458937499999978 -0.011341874999999994
v 0.041387500000000015 -0.09597999999999995 -0.003623749999999995
v 0.0026500000000000135 -0.10057187499999998 0.014931875000000011
v 0.05662124999999999 0.3979400000000002 -0.09004875
v 0.014791249999999999 0.4194393749999996 -0.06123999999999999
v 0.012366874999999992 -0.466445625 -0.09004874999999998
v 0.014848749999999987 -0.48738812499999984 -0.11113874999999998
v 0.021631874999999988 -0.5446049999999998 -0.11113875
v 0.01824062499999999 -0.5159975000000001 -0.118858125
v 0.018240625000000017 -0.5159975000000001 -0.003623749999999995
v 0.05299375 -0.9880193749999999 -0.061241875
v 0.040336874999999994 -0.8812506249999998 -0.09004999999999999
v 0.039427500000000004 -0.873585625 -0.061241874999999994
v 0.04960187499999999 -0.9594100000000001 -0.11113875000000001
v 0.052085624999999997 -0.9803537499999999 -0.09004999999999999
v 0.04281937499999999 -0.9021931250000002 -0.11113875
v 0.04621062499999999 -0.9308025 -0.118858125
v 0.05208562500000001 -0.9803537499999999 -0.032431875
v 0.0029899999999999857 -0.8975724999999999 -0.127206875
v 0.007472499999999986 -0.935394375 -0.1374125
v -0.00029312500000001906 -0.86988625 -0.09932687499999998
v 0.069279375 0.29117124999999966 -0.06124
v 0.032724375 0.26815500000000014 -0.061239999999999996
v -0.028263125000000014 -0.4550812500000001 -0.09932687499999998
v -0.024980000000000016 -0.4827675 -0.127206875
v 0.06177562500000001 -1.2807149999999998 -0.032431875
v 0.060868125 -1.2730481249999999 -0.061241875
v 0.071040625 -1.358874375 -0.11114062499999999
v 0.06764937499999998 -1.330266875 -0.11885812500000001
v 0.07104062500000001 -1.358874375 -0.01134375
v 0.073524375 -1.379818125 -0.032431875
v 0.06764937500000001 -1.330266875 -0.003623750000000002
v -0.39113125 0.22818437499999966 -0.0993268749999999
v -0.394414375 0.2558724999999997 -0.12720687499999989
v -0.378855625 0.7737449999999999 0.004726250000000098
v -0.389929375 0.21805062500000005 -0.0612399999999999
v 0.03152437500000001 0.27828874999999975 -0.023154999999999995
v -0.39113125 0.22818437499999966 -0.023154999999999898
v -0.020497499999999988 -0.5205887499999999 0.014931875000000011
v -0.32405625 -0.5565743749999998 0.01493187500000008
v -0.23398875000000002 -1.327670625 -0.12720687499999994
v -0.398896875 0.2936937500000001 -0.1374124999999999
v -0.28642 -0.9038050000000002 -0.09932687499999993
v -0.27865625 -0.9693143750000002 0.014931875000000067
v -0.27417125 -1.0071343750000001 0.004726250000000071
v -0.22502125 -1.4033137500000001 0.004726250000000071
v 0.02891312500000001 -1.3348581249999998 0.014931875000000011
v -0.22950375 -1.3654925000000002 0.014931875000000067
v 0.007472500000000014 -0.935394375 0.014931875000000011
v 0.033396250000000016 -1.37268 0.004726250000000001
v 0.016440000000000003 -1.0110375 -0.06124187499999999
v 0.028913124999999984 -1.3348581249999998 -0.1374125
v -0.221738125 -1.431 -0.09932687499999994
v -0.22053812499999997 -1.4411356249999998 -0.06124187499999994
v -0.221738125 -1.431 -0.02315499999999994
v 0.015238124999999991 -1.0009018749999998 -0.09932687499999998
v -0.26968875 -1.044955625 -0.061241874999999925
v -0.27088875 -1.034821875 -0.09932687499999993
v -0.287621875 -0.8936712500000001 -0.061241874999999925
v -0.28642 -0.9038050000000002 -0.023154999999999926
v -0.23398875000000002 -1.327670625 0.004726250000000071
v -0.3743725 0.7359249999999999 0.014931875000000094
v -0.328539375 -0.5187531249999999 0.0047262500000000846
v -0.23727125 -1.2999831249999998 -0.023154999999999933
v -0.316290625 -0.6220824999999999 -0.09932687499999993
v -0.328539375 -0.5187531249999999 -0.1272068749999999
v -0.020497500000000016 -0.5205887499999999 -0.1374125
v -0.32405625 -0.5565743749999998 -0.13741249999999994
v -0.31508875 -0.6322174999999999 -0.06124187499999992
v -0.372484375 -0.0786125000000002 -0.023154999999999905
v -0.006317500000000004 -0.024929999999999897 -0.06123999999999998
v -0.373684375 -0.0684793749999999 -0.061239999999999906
v -0.36023375 -0.18194374999999985 -0.12720687499999989
v 0.010415625000000005 -0.1660793749999998 -0.023154999999999988
v -0.36023375 -0.18194374999999985 0.004726250000000098
v -0.356953125 -0.2096300000000002 -0.023154999999999912
v -0.36920125 -0.10630062499999982 0.004726250000000098
v 0.0026499999999999857 -0.10057187499999998 -0.1374125
v -0.4066625 0.3592018750000001 -0.0993268749999999
v -0.378855625 0.7737449999999999 -0.12720687499999989
v 0.1051425 0.8591974999999996 -0.09932687500000001
v 0.10842562499999998 0.8315112500000001 -0.127206875
v -0.319571875 -0.59439625 -0.1272068749999999
v -0.01601437500000001 -0.558410625 -0.127206875
v -0.3666075 0.6704156250000004 -0.0993268749999999
v -0.365406875 0.6602818749999999 -0.061239999999999906
v -0.33182 -0.491066875 -0.023154999999999912
v -0.23847125000000002 -1.2898493750000002 -0.06124187499999993
v -0.28313875 -0.9314906249999999 0.0047262500000000846
v -0.36989 0.6981037499999996 -0.12720687499999989
v -0.27417125 -1.0071343750000001 -0.12720687499999994
v 0.011955624999999984 -0.9732156249999999 -0.127206875
v -0.4066625 0.3592018750000001 -0.023154999999999898
v -0.403381875 0.33151375000000005 0.004726250000000098
v -0.33182 -0.491066875 -0.09932687499999991
v -0.029465000000000005 -0.44494750000000005 -0.06124187499999998
v -0.22502125 -1.4033137500000001 -0.12720687499999994
v -0.372484375 -0.0786125000000002 -0.0993268749999999
v -0.36920125 -0.10630062499999982 -0.12720687499999989
v -0.356953125 -0.2096300000000002 -0.09932687499999991
v 0.007132500000000014 -0.1383931249999999 0.004726250000000015
v -0.36471875 -0.14412249999999993 0.014931875000000094
v 0.028240000000000015 0.3059750000000001 0.004726250000000015
v -0.394414375 0.2558724999999997 0.004726250000000098
v -0.36989 0.6981037499999996 0.004726250000000098
v -0.3666075 0.6704156250000004 -0.023154999999999905
v -0.27865625 -0.9693143750000002 -0.13741249999999994
v -0.398896875 0.2936937500000001 0.014931875000000094
v -0.27088875 -1.034821875 -0.023154999999999926
v -0.38333875 0.8115668749999996 -0.0612399999999999
v -0.382138125 0.8014312500000003 -0.0993268749999999
v -0.333021875 -0.4809312499999998 -0.06124187499999991
v 0.023758750000000016 0.3437981250000002 0.014931875000000011
v -0.407864375 0.3693375000000003 -0.0612399999999999
v 0.016778750000000002 -3.155623125 -0.07731562499999999
v 0.1055425 -3.1451000000000002 -0.04768437500000001
v 0.016778750000000002 -3.155623125 -0.04768437499999999
v -0.012388125 -3.22056625 -0.04768437499999998
v -0.012388125 -3.22056625 -0.07731562499999999
v 0.11225750000000001 -3.121859375 -0.04768437500000001
v 0.141145625 -3.17586125 -0.047684375000000015
v 0.168559375 -3.169076875 -0.04768437500000002
v -0.024403750000000002 -3.357255 -0.07731562499999999
v 0.187885 -3.33209 -0.04768437500000003
v -0.024403750000000002 -3.357255 -0.04768437499999998
v 0.1055425 -3.1451000000000002 -0.07731562500000001
v -0.040628750000000005 -3.2203793750000003 -0.07731562499999997
v -0.040628750000000005 -3.2203793750000003 -0.04768437499999997
v -0.00006499999999999562 -3.32453 -0.04768437499999999
v -0.00006499999999999562 -3.32453 -0.07731562499999999
v -0.000026250000000005436 -3.13516875 -0.04768437499999999
v -0.000026250000000005436 -3.13516875 -0.07731562499999999
v 0.156569375 -3.3059625 -0.07731562500000003
v 0.156569375 -3.3059625 -0.04768437500000002
v 0.11225750000000001 -3.121859375 -0.07731562500000001
v 0.141145625 -3.17586125 -0.07731562500000001
v 0.187885 -3.33209 -0.07731562500000003
v 0.168559375 -3.169076875 -0.07731562500000003
v -0.2702 -1.03290625 -0.08910999999999993
v -0.18412562500000001 -1.7282143749999999 -0.13598062499999994
v -0.2702 -1.03290625 -0.14072062499999993
v -0.44249375 0.9882099999999996 -0.06249999999999989
v -0.30180125 0.9103568749999997 0.016762500000000083
v -0.24795062499999998 1.0398887500000003 0.0007518750000000685
v -0.30180125 0.9103568749999997 -0.1417624999999999
v -0.485236875 0.8508381250000001 -0.062499999999999875
v -0.344364375 0.7628750000000002 -0.1593524999999999
v -0.397853125 1.0924137500000004 -0.062499999999999896
v -0.24795062499999998 1.0398887500000003 -0.12575187499999993
v -0.310295 1.2552649999999996 -0.06249999999999992
v -0.166454375 1.1864968749999996 -0.02222687499999995
v -0.2535725 1.3434081249999998 -0.06249999999999993
v -0.2130125 1.1143262500000004 -0.01033374999999994
v -0.166454375 1.1864968749999996 -0.10277312499999995
v -0.2130125 1.1143262500000004 -0.08559249999999993
v -0.2130125 1.1143262500000004 -0.11466437499999993
v -0.361581875 0.6763162500000002 -0.16423624999999992
v -0.50612125 0.7436993750000003 -0.062499999999999875
v -0.381205 0.232293125 0.0326487500000001
v -0.517705 0.3778100000000002 -0.06249999999999987
v -0.5008 0.15794562499999998 -0.062499999999999875
v -0.364679375 -0.027305000000000135 -0.0275562499999999
v -0.2702 -1.03290625 0.01572062500000007
v -0.2702 -1.03290625 -0.03588999999999992
v -0.375710625 0.5637081249999998 -0.1630143749999999
v -0.513774375 0.6623068749999996 -0.062499999999999875
v -0.30180125 0.9103568749999997 -0.09475749999999991
v -0.344364375 0.7628750000000002 -0.02349374999999991
v -0.30180125 0.9103568749999997 -0.030240624999999917
v -0.24795062499999998 1.0398887500000003 -0.03607499999999993
v -0.2130125 1.1143262500000004 -0.03940562499999994
v -0.364679375 -0.027305000000000135 -0.1524093749999999
v -0.375710625 0.5637081249999998 0.038015625000000094
v -0.52142625 0.5809143749999999 -0.06249999999999987
v -0.361581875 0.6763162500000002 -0.1010693749999999
v -0.344364375 0.7628750000000002 -0.10150624999999991
v -0.364679375 -0.027305000000000135 0.027411250000000095
v -0.361581875 0.6763162500000002 -0.0239306249999999
v -0.361581875 0.6763162500000002 0.0392362500000001
v -0.166454375 1.1864968749999996 -0.04385749999999995
v -0.166454375 1.1864968749999996 -0.08114062499999995
v -0.18412562499999996 -1.7282143749999999 0.01098062500000005
v -0.3871775 0.3771212500000001 -0.0995431249999999
v -0.381205 0.232293125 -0.1576487499999999
v -0.3871775 0.3771212500000001 -0.1593524999999999
v -0.364679375 -0.027305000000000135 -0.09744374999999991
v -0.375710625 0.5637081249999998 -0.10049812499999991
v -0.3871775 0.3771212500000001 0.03435250000000009
v -0.344364375 0.7628750000000002 0.03435250000000009
v -0.375710625 0.5637081249999998 -0.024501874999999902
v -0.3871775 0.3771212500000001 -0.0254568749999999
v -0.24795062499999998 1.0398887500000003 -0.08892312499999994
v -0.381205 0.232293125 -0.0262068749999999
v -0.381205 0.232293125 -0.0987918749999999
v -0.27391125 -1.7388581250000001 -0.062499999999999924
v -0.326065625 -2.36436125 -0.13273062499999994
v -0.314216875 -2.097495625 -0.16810249999999993
v -0.38909 -2.108310625 -0.1681024999999999
v -0.368965 -1.785441875 -0.1655062499999999
v 0.10791187499999998 -1.6810749999999999 -0.16550625000000002
v 0.11350499999999998 -1.728246875 -0.16550625000000002
v -0.316848125 -1.7330393750000002 -0.10645687499999992
v -0.3378975 -1.6961137499999999 -0.08917999999999991
v -0.32083625 -1.6940925 -0.09081874999999992
v -0.046424375000000004 -2.508793125 -0.04741062499999998
v -0.326065625 -2.36436125 0.007730625000000088
v -0.174798125 -1.7192587499999998 -0.011308124999999947
v -0.147618125 -1.673558125 -0.09459437499999995
v -0.174798125 -1.7192587499999998 -0.11369187499999994
v -0.064724375 -1.6637318749999999 -0.018473124999999972
v -0.0072750000000000176 -1.65692 -0.10410749999999999
v -0.064724375 -1.6637318749999999 -0.10652687499999997
v -0.13934125000000003 -1.715055 -0.12886437499999998
v -0.12166437499999999 -1.6704806250000002 -0.10410749999999996
v -0.147618125 -1.673558125 -0.03040562499999995
v -0.12166437499999999 -1.6704806250000002 -0.02089249999999996
v -0.2603725 -1.726343125 -0.09454312499999992
v -0.286710625 -1.69004625 -0.041856874999999925
v -0.2603725 -1.726343125 -0.030456874999999932
v -0.314216875 -2.097495625 0.043102500000000085
v -0.38909 -2.108310625 0.0431025000000001
v -0.354960625 -1.6981362500000001 -0.041856874999999905
v -0.345086875 -1.7363862499999998 -0.02108812499999991
v -0.3378975 -1.6961137499999999 -0.03581999999999991
v 0.11350500000000002 -1.728246875 0.04050812499999999
v -0.368965 -1.785441875 0.0405081250000001
v -0.344090625 -2.39164125 0.007730625000000102
v -0.37455625 -1.73827 0.0405081250000001
v -0.37455625 -1.73827 -0.1655062499999999
v 0.018483750000000014 -1.69634625 0.003864375000000017
v 0.01816937500000001 -1.6539043750000002 -0.03040562499999999
v -0.00727499999999999 -1.65692 -0.020892499999999987
v 0.018169374999999995 -1.6539043750000002 -0.094594375
v 0.05394250000000001 -1.69214375 -0.011308125000000002
v 0.05394249999999999 -1.69214375 -0.113691875
v -0.354960625 -1.6981362500000001 -0.0831431249999999
v -0.373325625 -1.73973375 -0.030456874999999904
v -0.06042874999999999 -1.7057012500000002 0.007723750000000029
v -0.286710625 -1.69004625 -0.08314312499999993
v -0.28861125 -1.7296900000000002 -0.10391187499999993
v -0.30377375 -1.692069375 -0.08917999999999993
v 0.10791187500000002 -1.6810749999999999 0.04050812499999999
v -0.32083625 -1.6940925 -0.03418124999999991
v -0.345086875 -1.7363862499999998 -0.1039118749999999
v -0.316848125 -1.7330393750000002 -0.018543124999999917
v -0.30377375 -1.692069375 -0.03581999999999992
v -0.06042875000000002 -1.7057012500000002 -0.13272374999999997
v -0.13934124999999997 -1.715055 0.003864375000000045
v 0.018483749999999986 -1.69634625 -0.12886437499999998
v -0.28861125 -1.7296900000000002 -0.021088124999999923
v -0.360160625 -2.06935875 0.0431025000000001
v -0.058438124999999994 -2.534528125 -0.07758937499999997
v -0.344090625 -2.39164125 -0.1327306249999999
v -0.360160625 -2.06935875 -0.1681024999999999
v -0.382138125 0.8014312500000003 -0.023154999999999905
v -0.28313875 -0.9314906249999999 -0.1272068749999999
v -0.22950375 -1.3654925000000002 -0.13741249999999994
v -0.403381875 0.33151375000000005 -0.12720687499999989
v -0.36471875 -0.14412249999999993 -0.1374124999999999
v -0.35575125 -0.21976562499999996 -0.061241874999999904
v -0.184125625 -1.7282143749999999 -0.09150187499999994
v -0.184125625 -1.7282143749999999 -0.03349812499999995
v -0.046424375000000004 -2.508793125 -0.07758937499999997
v -0.058438124999999994 -2.534528125 -0.04741062499999997
v -0.373325625 -1.73973375 -0.0945431249999999
vt 0.27851875 0.852295
vt 0.287695 0.8398712500000001
vt 0.287695 0.852295
vt 0.02887125 0.77856125
vt 0.02510875 0.79098625
vt 0.01999125 0.77856125
vt 0.362641875 0.879783125
vt 0.37101 0.86735875
vt 0.36510125 0.879783125
vt 0.11796125 0.786758125
vt 0.10583 0.799181875
vt 0.115005 0.799181875
vt 0.146755 0.79346375
vt 0.15859 0.8058881250000001
vt 0.15563625 0.79346375
vt 0.08482 0.786758125
vt 0.096655 0.799181875
vt 0.0937 0.786758125
vt 0.299825 0.8398712500000001
vt 0.303588125 0.852295
vt 0.30870625 0.8398712500000001
vt 0.050176875 0.79098625
vt 0.062011875 0.77856125
vt 0.053131875 0.77856125
vt 0.328398125 0.879783125
vt 0.32573875 0.86735875
vt 0.32248875 0.86735875
vt 0.053131875 0.77856125
vt 0.05689375 0.79098625
vt 0.050176875 0.79098625
vt 0.82512875 0.11688312499999998
vt 0.826376875 0.11688312499999998
vt 0.826286875 0.11688312499999998
vt 0.33461875 0.86735875
vt 0.34675 0.711073125
vt 0.34675 0.86735875
vt 0.176941875 0.8058881250000001
vt 0.188776875 0.79346375
vt 0.179896875 0.79346375
vt 0.33461875 0.86735875
vt 0.34675 0.879783125
vt 0.34675 0.86735875
vt 0.35888 0.86735875
vt 0.362641875 0.879783125
vt 0.36776 0.86735875
vt 0.33461875 0.86735875
vt 0.34675 0.879783125
vt 0.33757375 0.879783125
vt 0.115005 0.799181875
vt 0.12684125 0.786758125
vt 0.11796125 0.786758125
vt 0.121723125 0.799181875
vt 0.13009125 0.786758125
vt 0.12684125 0.786758125
vt 0.15187375 0.8058881250000001
vt 0.143505 0.79346375
vt 0.146755 0.79346375
vt 0.27851875 0.852295
vt 0.26668375 0.8398712500000001
vt 0.275565 0.8398712500000001
vt 0.238368125 0.816533125
vt 0.24213125 0.828958125
vt 0.24724875 0.816533125
vt 0.355925 0.879783125
vt 0.34675 0.86735875
vt 0.34675 0.879783125
vt 0.84125375 0.120216875
vt 0.84000625 0.120216875
vt 0.841343125 0.120216875
vt 0.84125375 0.120216875
vt 0.840095 0.120216875
vt 0.84100875 0.120216875
vt 0.84100875 0.120216875
vt 0.840095 0.120216875
vt 0.84034 0.120216875
vt 0.84100875 0.120216875
vt 0.84034 0.120216875
vt 0.840675 0.120216875
vt 0.840095 0.120216875
vt 0.84125375 0.120216875
vt 0.84100875 0.120216875
vt 0.840095 0.120216875
vt 0.84100875 0.120216875
vt 0.84034 0.120216875
vt 0.84034 0.120216875
vt 0.84100875 0.120216875
vt 0.840675 0.120216875
vt 0.24724875 0.816533125
vt 0.23541375 0.828958125
vt 0.238368125 0.816533125
vt 0.214108125 0.816533125
vt 0.226238125 0.828958125
vt 0.217061875 0.828958125
vt 0.217061875 0.828958125
vt 0.205228125 0.816533125
vt 0.214108125 0.816533125
vt 0.146755 0.79346375
vt 0.15563625 0.69610375
vt 0.146755 0.69610375
vt 0.062011875 0.69567875
vt 0.065261875 0.77856125
vt 0.062011875 0.77856125
vt 0.835945 0.11857375000000003
vt 0.835031875 0.11857375000000003
vt 0.83527625 0.11857375000000003
vt 0.835945 0.11857375000000003
vt 0.83527625 0.11857375000000003
vt 0.83561125 0.11857375000000003
vt 0.83619 0.11857375000000003
vt 0.835031875 0.11857375000000003
vt 0.83628 0.11857375000000003
vt 0.835031875 0.11857375000000003
vt 0.83619 0.11857375000000003
vt 0.835945 0.11857375000000003
vt 0.835031875 0.11857375000000003
vt 0.835945 0.11857375000000003
vt 0.83527625 0.11857375000000003
vt 0.83527625 0.11857375000000003
vt 0.835945 0.11857375000000003
vt 0.83561125 0.11857375000000003
vt 0.02265 0.79098625
vt 0.01999125 0.77856125
vt 0.01674125 0.77856125
vt 0.30870625 0.8398712500000001
vt 0.29687 0.852295
vt 0.299825 0.8398712500000001
vt 0.15187375 0.8058881250000001
vt 0.143505 0.79346375
vt 0.149415 0.8058881250000001
vt 0.210345 0.828958125
vt 0.201976875 0.816533125
vt 0.207886875 0.828958125
vt 0.330856875 0.879783125
vt 0.32248875 0.86735875
vt 0.32573875 0.86735875
vt 0.82984875 0.11772375000000002
vt 0.831096875 0.11772375000000002
vt 0.831186875 0.11772375000000002
vt 0.831096875 0.11772375000000002
vt 0.82993875 0.11772375000000002
vt 0.830851875 0.11772375000000002
vt 0.830851875 0.11772375000000002
vt 0.82993875 0.11772375000000002
vt 0.830183125 0.11772375000000002
vt 0.830851875 0.11772375000000002
vt 0.830183125 0.11772375000000002
vt 0.830518125 0.11772375000000002
vt 0.82993875 0.11772375000000002
vt 0.831096875 0.11772375000000002
vt 0.830851875 0.11772375000000002
vt 0.82993875 0.11772375000000002
vt 0.830851875 0.11772375000000002
vt 0.830183125 0.11772375000000002
vt 0.830183125 0.11772375000000002
vt 0.830851875 0.11772375000000002
vt 0.830518125 0.11772375000000002
vt 0.23541375 0.828958125
vt 0.226238125 0.816533125
vt 0.226238125 0.828958125
vt 0.362641875 0.879783125
vt 0.37101 0.86735875
vt 0.36776 0.86735875
vt 0.303588125 0.852295
vt 0.31195625 0.8398712500000001
vt 0.30604625 0.852295
vt 0.33461875 0.86735875
vt 0.330856875 0.879783125
vt 0.32573875 0.86735875
vt 0.84000625 0.120216875
vt 0.84125375 0.120216875
vt 0.841343125 0.120216875
vt 0.826286875 0.11688312499999998
vt 0.82512875 0.11688312499999998
vt 0.826043125 0.11688312499999998
vt 0.826043125 0.11688312499999998
vt 0.82512875 0.11688312499999998
vt 0.82537375 0.11688312499999998
vt 0.826043125 0.11688312499999998
vt 0.82537375 0.11688312499999998
vt 0.825708125 0.11688312499999998
vt 0.826286875 0.11688312499999998
vt 0.82537375 0.11688312499999998
vt 0.82512875 0.11688312499999998
vt 0.82537375 0.11688312499999998
vt 0.826286875 0.11688312499999998
vt 0.826043125 0.11688312499999998
vt 0.82537375 0.11688312499999998
vt 0.826043125 0.11688312499999998
vt 0.825708125 0.11688312499999998
vt 0.82022 0.11663875000000001
vt 0.821468125 0.11663875000000001
vt 0.821558125 0.11663875000000001
vt 0.82055375 0.11663875000000001
vt 0.821468125 0.11663875000000001
vt 0.82031 0.11663875000000001
vt 0.821468125 0.11663875000000001
vt 0.82055375 0.11663875000000001
vt 0.821223125 0.11663875000000001
vt 0.821223125 0.11663875000000001
vt 0.82055375 0.11663875000000001
vt 0.82088875 0.11663875000000001
vt 0.821468125 0.11663875000000001
vt 0.82055375 0.11663875000000001
vt 0.82031 0.11663875000000001
vt 0.82055375 0.11663875000000001
vt 0.821468125 0.11663875000000001
vt 0.821223125 0.11663875000000001
vt 0.82055375 0.11663875000000001
vt 0.821223125 0.11663875000000001
vt 0.82088875 0.11663875000000001
vt 0.11796125 0.786758125
vt 0.10583 0.799181875
vt 0.10583 0.786758125
vt 0.12418125 0.799181875
vt 0.12684125 0.786758125
vt 0.13009125 0.786758125
vt 0.26668375 0.8398712500000001
vt 0.26934375 0.852295
vt 0.26343375 0.8398712500000001
vt 0.188776875 0.79346375
vt 0.176941875 0.8058881250000001
vt 0.179896875 0.79346375
vt 0.81683375 0.11634
vt 0.815586875 0.11634
vt 0.81692375 0.11634
vt 0.821468125 0.11663875000000001
vt 0.82022 0.11663875000000001
vt 0.821558125 0.11663875000000001
vt 0.81592125 0.11634
vt 0.81683375 0.11634
vt 0.81567625 0.11634
vt 0.81683375 0.11634
vt 0.81592125 0.11634
vt 0.81659 0.11634
vt 0.81659 0.11634
vt 0.81592125 0.11634
vt 0.816255 0.11634
vt 0.81683375 0.11634
vt 0.81592125 0.11634
vt 0.81567625 0.11634
vt 0.81592125 0.11634
vt 0.81683375 0.11634
vt 0.81659 0.11634
vt 0.81592125 0.11634
vt 0.81659 0.11634
vt 0.816255 0.11634
vt 0.275565 0.8398712500000001
vt 0.26668375 0.7043118749999999
vt 0.275565 0.7043118749999999
vt 0.36776 0.86735875
vt 0.35888 0.711073125
vt 0.35888 0.86735875
vt 0.26343375 0.7043118749999999
vt 0.26668375 0.8398712500000001
vt 0.26668375 0.7043118749999999
vt 0.15563625 0.69610375
vt 0.16776625 0.79346375
vt 0.16776625 0.69610375
vt 0.053131875 0.69567875
vt 0.062011875 0.77856125
vt 0.053131875 0.77856125
vt 0.287695 0.7043118749999999
vt 0.275565 0.8398712500000001
vt 0.275565 0.7043118749999999
vt 0.11796125 0.786758125
vt 0.12684125 0.6949881250000001
vt 0.12684125 0.786758125
vt 0.0937 0.786758125
vt 0.10583 0.6949881250000001
vt 0.0937 0.6949881250000001
vt 0.02887125 0.69567875
vt 0.04100125 0.77856125
vt 0.04100125 0.69567875
vt 0.33461875 0.86735875
vt 0.330856875 0.879783125
vt 0.33757375 0.879783125
vt 0.10583 0.786758125
vt 0.096655 0.799181875
vt 0.10583 0.799181875
vt 0.01999125 0.77856125
vt 0.03182625 0.79098625
vt 0.02887125 0.77856125
vt 0.089936875 0.799181875
vt 0.08156875 0.786758125
vt 0.08747875 0.799181875
vt 0.04100125 0.77856125
vt 0.053131875 0.69567875
vt 0.053131875 0.77856125
vt 0.01999125 0.69567875
vt 0.01674125 0.77856125
vt 0.01674125 0.69567875
vt 0.01999125 0.77856125
vt 0.02887125 0.69567875
vt 0.01999125 0.69567875
vt 0.08482 0.786758125
vt 0.08156875 0.6949881250000001
vt 0.08482 0.6949881250000001
vt 0.287695 0.7043118749999999
vt 0.299825 0.8398712500000001
vt 0.287695 0.8398712500000001
vt 0.13009125 0.786758125
vt 0.12684125 0.6949881250000001
vt 0.13009125 0.6949881250000001
vt 0.13009125 0.786758125
vt 0.12684125 0.6949881250000001
vt 0.12684125 0.786758125
vt 0.04100125 0.77856125
vt 0.053131875 0.69567875
vt 0.04100125 0.69567875
vt 0.835031875 0.11857375000000003
vt 0.83619 0.11857375000000003
vt 0.83628 0.11857375000000003
vt 0.34675 0.711073125
vt 0.33461875 0.86735875
vt 0.34675 0.86735875
vt 0.16776625 0.79346375
vt 0.179896875 0.69610375
vt 0.16776625 0.69610375
vt 0.053131875 0.69567875
vt 0.062011875 0.77856125
vt 0.062011875 0.69567875
vt 0.143505 0.79346375
vt 0.146755 0.69610375
vt 0.146755 0.79346375
vt 0.179896875 0.69610375
vt 0.16776625 0.79346375
vt 0.16776625 0.69610375
vt 0.143505 0.79346375
vt 0.146755 0.69610375
vt 0.143505 0.69610375
vt 0.24724875 0.6987068750000001
vt 0.25049875 0.816533125
vt 0.25049875 0.6987068750000001
vt 0.205228125 0.816533125
vt 0.214108125 0.6987068750000001
vt 0.214108125 0.816533125
vt 0.205228125 0.816533125
vt 0.214108125 0.6987068750000001
vt 0.205228125 0.6987068750000001
vt 0.238368125 0.816533125
vt 0.24724875 0.6987068750000001
vt 0.238368125 0.6987068750000001
vt 0.214108125 0.6987068750000001
vt 0.226238125 0.816533125
vt 0.214108125 0.816533125
vt 0.299825 0.8398712500000001
vt 0.30870625 0.7043118749999999
vt 0.30870625 0.8398712500000001
vt 0.26668375 0.7043118749999999
vt 0.26343375 0.8398712500000001
vt 0.26343375 0.7043118749999999
vt 0.35888 0.711073125
vt 0.36776 0.86735875
vt 0.35888 0.86735875
vt 0.146755 0.79346375
vt 0.15563625 0.69610375
vt 0.15563625 0.79346375
vt 0.32573875 0.711073125
vt 0.32248875 0.86735875
vt 0.32248875 0.711073125
vt 0.30870625 0.7043118749999999
vt 0.31195625 0.8398712500000001
vt 0.30870625 0.8398712500000001
vt 0.179896875 0.79346375
vt 0.188776875 0.69610375
vt 0.179896875 0.69610375
vt 0.01674125 0.77856125
vt 0.01999125 0.69567875
vt 0.01674125 0.69567875
vt 0.062011875 0.69567875
vt 0.065261875 0.77856125
vt 0.065261875 0.69567875
vt 0.35888 0.711073125
vt 0.34675 0.86735875
vt 0.35888 0.86735875
vt 0.08482 0.786758125
vt 0.08156875 0.6949881250000001
vt 0.08156875 0.786758125
vt 0.11796125 0.786758125
vt 0.12684125 0.6949881250000001
vt 0.11796125 0.6949881250000001
vt 0.32573875 0.86735875
vt 0.33461875 0.711073125
vt 0.33461875 0.86735875
vt 0.0937 0.6949881250000001
vt 0.10583 0.786758125
vt 0.0937 0.786758125
vt 0.299825 0.8398712500000001
vt 0.30870625 0.7043118749999999
vt 0.299825 0.7043118749999999
vt 0.188776875 0.69610375
vt 0.192026875 0.79346375
vt 0.188776875 0.79346375
vt 0.02887125 0.69567875
vt 0.04100125 0.77856125
vt 0.02887125 0.77856125
vt 0.238368125 0.816533125
vt 0.24724875 0.6987068750000001
vt 0.24724875 0.816533125
vt 0.226238125 0.816533125
vt 0.238368125 0.6987068750000001
vt 0.238368125 0.816533125
vt 0.205228125 0.6987068750000001
vt 0.201976875 0.816533125
vt 0.205228125 0.816533125
vt 0.201976875 0.816533125
vt 0.205228125 0.6987068750000001
vt 0.205228125 0.816533125
vt 0.24724875 0.6987068750000001
vt 0.25049875 0.816533125
vt 0.24724875 0.816533125
vt 0.226238125 0.816533125
vt 0.214108125 0.6987068750000001
vt 0.214108125 0.816533125
vt 0.226238125 0.816533125
vt 0.238368125 0.6987068750000001
vt 0.226238125 0.6987068750000001
vt 0.26668375 0.7043118749999999
vt 0.275565 0.8398712500000001
vt 0.275565 0.7043118749999999
vt 0.0937 0.6949881250000001
vt 0.08482 0.786758125
vt 0.08482 0.6949881250000001
vt 0.32573875 0.86735875
vt 0.33461875 0.711073125
vt 0.32573875 0.711073125
vt 0.10583 0.6949881250000001
vt 0.11796125 0.786758125
vt 0.10583 0.786758125
vt 0.275565 0.8398712500000001
vt 0.287695 0.7043118749999999
vt 0.275565 0.7043118749999999
vt 0.179896875 0.69610375
vt 0.188776875 0.79346375
vt 0.179896875 0.79346375
vt 0.35888 0.711073125
vt 0.34675 0.86735875
vt 0.34675 0.711073125
vt 0.287695 0.7043118749999999
vt 0.299825 0.8398712500000001
vt 0.299825 0.7043118749999999
vt 0.04100125 0.77856125
vt 0.050176875 0.79098625
vt 0.04100125 0.79098625
vt 0.35888 0.86735875
vt 0.34675 0.879783125
vt 0.34675 0.86735875
vt 0.16776625 0.79346375
vt 0.15859 0.8058881250000001
vt 0.16776625 0.8058881250000001
vt 0.30870625 0.8398712500000001
vt 0.30604625 0.852295
vt 0.31195625 0.8398712500000001
vt 0.24724875 0.816533125
vt 0.24458875 0.828958125
vt 0.25049875 0.816533125
vt 0.059353125 0.79098625
vt 0.062011875 0.77856125
vt 0.065261875 0.77856125
vt 0.32248875 0.86735875
vt 0.32573875 0.711073125
vt 0.32248875 0.711073125
vt 0.08482 0.786758125
vt 0.0937 0.6949881250000001
vt 0.08482 0.6949881250000001
vt 0.37101 0.711073125
vt 0.36776 0.86735875
vt 0.36776 0.711073125
vt 0.188776875 0.69610375
vt 0.192026875 0.79346375
vt 0.192026875 0.69610375
vt 0.37101 0.711073125
vt 0.36776 0.86735875
vt 0.37101 0.86735875
vt 0.210345 0.828958125
vt 0.201976875 0.816533125
vt 0.205228125 0.816533125
vt 0.179896875 0.79346375
vt 0.16776625 0.8058881250000001
vt 0.16776625 0.79346375
vt 0.16776625 0.79346375
vt 0.15563625 0.69610375
vt 0.16776625 0.69610375
vt 0.36776 0.86735875
vt 0.355925 0.879783125
vt 0.35888 0.86735875
vt 0.183658125 0.8058881250000001
vt 0.192026875 0.79346375
vt 0.186116875 0.8058881250000001
vt 0.05689375 0.79098625
vt 0.065261875 0.77856125
vt 0.062011875 0.77856125
vt 0.271801875 0.852295
vt 0.26343375 0.8398712500000001
vt 0.26934375 0.852295
vt 0.24213125 0.828958125
vt 0.25049875 0.816533125
vt 0.24458875 0.828958125
vt 0.287695 0.8398712500000001
vt 0.27851875 0.852295
vt 0.287695 0.852295
vt 0.226238125 0.816533125
vt 0.23541375 0.828958125
vt 0.226238125 0.828958125
vt 0.053131875 0.77856125
vt 0.04100125 0.79098625
vt 0.050176875 0.79098625
vt 0.15859 0.8058881250000001
vt 0.146755 0.79346375
vt 0.15563625 0.79346375
vt 0.02887125 0.77856125
vt 0.04100125 0.79098625
vt 0.04100125 0.77856125
vt 0.81683375 0.11634
vt 0.815586875 0.11634
vt 0.81567625 0.11634
vt 0.12684125 0.786758125
vt 0.115005 0.799181875
vt 0.11796125 0.786758125
vt 0.188776875 0.79346375
vt 0.186116875 0.8058881250000001
vt 0.192026875 0.79346375
vt 0.214108125 0.816533125
vt 0.210345 0.828958125
vt 0.217061875 0.828958125
vt 0.15859 0.8058881250000001
vt 0.16776625 0.79346375
vt 0.16776625 0.8058881250000001
vt 0.01999125 0.77856125
vt 0.02887125 0.69567875
vt 0.02887125 0.77856125
vt 0.835031875 0.11857375000000003
vt 0.83619 0.11857375000000003
vt 0.834941875 0.11857375000000003
vt 0.82512875 0.11688312499999998
vt 0.826376875 0.11688312499999998
vt 0.82504 0.11688312499999998
vt 0.831096875 0.11772375000000002
vt 0.82984875 0.11772375000000002
vt 0.831186875 0.11772375000000002
vt 0.30870625 0.7043118749999999
vt 0.31195625 0.8398712500000001
vt 0.31195625 0.7043118749999999
vt 0.179896875 0.79346375
vt 0.16776625 0.8058881250000001
vt 0.176941875 0.8058881250000001
vt 0.01999125 0.77856125
vt 0.02265 0.79098625
vt 0.01674125 0.77856125
vt 0.26668375 0.8398712500000001
vt 0.27851875 0.852295
vt 0.275565 0.8398712500000001
vt 0.29687 0.852295
vt 0.287695 0.8398712500000001
vt 0.287695 0.852295
vt 0.08482 0.786758125
vt 0.08747875 0.799181875
vt 0.08156875 0.786758125
vt 0.096655 0.799181875
vt 0.10583 0.786758125
vt 0.10583 0.799181875
vt 0.10583 0.786758125
vt 0.11796125 0.6949881250000001
vt 0.10583 0.6949881250000001
vt 0.287695 0.8398712500000001
vt 0.29687 0.852295
vt 0.287695 0.852295
vt 0.0937 0.786758125
vt 0.089936875 0.799181875
vt 0.08482 0.786758125
vt 0.214108125 0.816533125
vt 0.226238125 0.828958125
vt 0.226238125 0.816533125
vt 0.03182625 0.79098625
vt 0.04100125 0.77856125
vt 0.04100125 0.79098625
vt 0.589431875 0.39465874999999995
vt 0.589431875 0.42312812499999997
vt 0.589431875 0.39465874999999995
vt 0.589431875 0.39465874999999995
vt 0.569985 0.38299812499999997
vt 0.569985 0.38299812499999997
vt 0.596531875 0.42612312500000005
vt 0.578368125 0.43323625
vt 0.57948625 0.44216124999999995
vt 0.527203125 0.374073125
vt 0.527203125 0.44216124999999995
vt 0.527203125 0.374073125
vt 0.589431875 0.42312812499999997
vt 0.578368125 0.43323625
vt 0.589431875 0.42312812499999997
vt 0.571103125 0.374073125
vt 0.527203125 0.374073125
vt 0.571103125 0.374073125
vt 0.569985 0.38299812499999997
vt 0.53664125 0.38299812499999997
vt 0.53664125 0.38299812499999997
vt 0.571103125 0.374073125
vt 0.596531875 0.39011125
vt 0.596531875 0.39011125
vt 0.53664125 0.43323625
vt 0.53664125 0.38299812499999997
vt 0.53664125 0.43323625
vt 0.569985 0.38299812499999997
vt 0.589431875 0.39465874999999995
vt 0.571103125 0.374073125
vt 0.527203125 0.374073125
vt 0.571103125 0.374073125
vt 0.53664125 0.38299812499999997
vt 0.596531875 0.42612312500000005
vt 0.578368125 0.43323625
vt 0.589431875 0.42312812499999997
vt 0.57948625 0.44216124999999995
vt 0.527203125 0.44216124999999995
vt 0.57948625 0.44216124999999995
vt 0.596531875 0.39011125
vt 0.596531875 0.42612312500000005
vt 0.596531875 0.42612312500000005
vt 0.578368125 0.43323625
vt 0.53664125 0.43323625
vt 0.578368125 0.43323625
vt 0.57948625 0.44216124999999995
vt 0.596531875 0.42612312500000005
vt 0.57948625 0.44216124999999995
vt 0.29209625 0.20748500000000003
vt 0.282641875 0.20685312499999997
vt 0.29209625 0.20678874999999997
vt 0.882246875 0.6010031250000001
vt 0.852348125 0.6425818750000001
vt 0.891296875 0.6644712500000001
vt 0.882246875 0.6010031250000001
vt 0.852348125 0.6425818750000001
vt 0.84040125 0.582333125
vt 0.807296875 0.62359125
vt 0.84040125 0.582333125
vt 0.852348125 0.6425818750000001
vt 0.91353125 0.61902875
vt 0.891296875 0.6644712500000001
vt 0.882246875 0.6010031250000001
vt 0.961755 0.652828125
vt 0.93461125 0.69574375
vt 0.987506875 0.674073125
vt 0.91353125 0.61902875
vt 0.891296875 0.6644712500000001
vt 0.91353125 0.6783131250000001
vt 0.32167 0.20730125
vt 0.320776875 0.20753312499999998
vt 0.320776875 0.20714
vt 0.780565 0.6149
vt 0.807296875 0.5717099999999999
vt 0.807296875 0.62359125
vt 0.640863125 0.5920449999999999
vt 0.692005 0.5543281250000001
vt 0.62183125 0.55143125
vt 0.91353125 0.6783131250000001
vt 0.961755 0.652828125
vt 0.91353125 0.61902875
vt 0.30572 0.20831624999999998
vt 0.29209625 0.20889999999999997
vt 0.29209625 0.20820312500000004
vt 0.74547875 0.60620875
vt 0.78184 0.5662381249999999
vt 0.780565 0.6149
vt 0.319835 0.20699124999999996
vt 0.318185 0.20740875000000003
vt 0.318185 0.20677500000000004
vt 0.318185 0.20891375
vt 0.31627625 0.20837125
vt 0.318185 0.20828000000000002
vt 0.320776875 0.20854812499999997
vt 0.319835 0.20820125
vt 0.320776875 0.20815625000000004
vt 0.91353125 0.6783131250000001
vt 0.961755 0.652828125
vt 0.93461125 0.69574375
vt 0.62183125 0.55143125
vt 0.55813625 0.58753875
vt 0.236535 0.5797162499999999
vt 0.74547875 0.60620875
vt 0.78184 0.5662381249999999
vt 0.75638375 0.56076625
vt 0.31514375 0.20732375000000003
vt 0.31627625 0.20653687499999995
vt 0.31627625 0.20731812500000002
vt 0.236535 0.5797162499999999
vt 0.55813625 0.58753875
vt 0.62183125 0.55143125
vt 0.313656875 0.20920125
vt 0.31514375 0.20836500000000002
vt 0.31514375 0.20921687499999997
vt 0.32391125 0.20784375
vt 0.93106125 0.52393125
vt 0.32167 0.20759312500000004
vt 0.282641875 0.20883624999999995
vt 0.29209625 0.20820312500000004
vt 0.29209625 0.20889999999999997
vt 0.311175 0.20734375000000005
vt 0.309225 0.20655999999999997
vt 0.311175 0.20653687499999995
vt 0.692005 0.5543281250000001
vt 0.74547875 0.60620875
vt 0.68689375 0.59558625
vt 0.30572 0.20737312500000005
vt 0.29209625 0.20678874999999997
vt 0.30572 0.20663125000000004
vt 0.313656875 0.20733187500000005
vt 0.311175 0.20653687499999995
vt 0.313656875 0.20648812500000002
vt 0.640863125 0.5920449999999999
vt 0.692005 0.5543281250000001
vt 0.68689375 0.59558625
vt 0.780565 0.6149
vt 0.807296875 0.5717099999999999
vt 0.78184 0.5662381249999999
vt 0.320776875 0.20815625000000004
vt 0.32167 0.20838812500000004
vt 0.320776875 0.20854812499999997
vt 0.74547875 0.60620875
vt 0.692005 0.5543281250000001
vt 0.68689375 0.59558625
vt 0.319835 0.20869812499999996
vt 0.318185 0.20828000000000002
vt 0.319835 0.20820125
vt 0.31514375 0.20836500000000002
vt 0.31627625 0.20915125
vt 0.31514375 0.20921687499999997
vt 0.311175 0.20915125
vt 0.313656875 0.208356875
vt 0.313656875 0.20920125
vt 0.309225 0.209128125
vt 0.311175 0.20834375000000005
vt 0.311175 0.20915125
vt 0.320776875 0.20714
vt 0.319835 0.20748812500000002
vt 0.319835 0.20699124999999996
vt 0.318185 0.20677500000000004
vt 0.31627625 0.20731812500000002
vt 0.31627625 0.20653687499999995
vt 0.31514375 0.20732375000000003
vt 0.313656875 0.20648812500000002
vt 0.31514375 0.20647187499999997
vt 0.30572 0.20905812499999998
vt 0.309225 0.20833374999999998
vt 0.309225 0.209128125
vt 0.309225 0.20735499999999996
vt 0.30572 0.20663125000000004
vt 0.309225 0.20655999999999997
vt 0.961755 0.652828125
vt 0.987506875 0.674073125
vt 0.93461125 0.69574375
vt 0.84040125 0.582333125
vt 0.807296875 0.62359125
vt 0.852348125 0.6425818750000001
vt 0.013391875 0.58087125
vt 0.013391875 0.58087125
vt 0.013391875 0.5520737499999999
vt 0.65878875 0.38858187499999997
vt 0.724365 0.39932375
vt 0.742136875 0.37824875
vt 0.19011 0.20054625000000004
vt 0.20524 0.35528875000000004
vt 0.19011 0.35528875000000004
vt 0.78771125 0.347676875
vt 0.80017875 0.34240375
vt 0.80017875 0.347876875
vt 0.60253875 0.29006624999999997
vt 0.65632 0.316086875
vt 0.65632 0.27325
vt 0.78674375 0.393123125
vt 0.80017875 0.40343312499999995
vt 0.78674375 0.393123125
vt 0.835051875 0.119606875
vt 0.83281125 0.12112124999999996
vt 0.832748125 0.119606875
vt 0.78674375 0.40449500000000005
vt 0.80017875 0.40343312499999995
vt 0.80017875 0.411756875
vt 0.83474 0.11742312499999996
vt 0.83281125 0.11810687499999994
vt 0.83306 0.11742312499999996
vt 0.83498875 0.11810687499999994
vt 0.832748125 0.119606875
vt 0.83281125 0.11810687499999994
vt 0.78771125 0.36579125
vt 0.80017875 0.35882187499999996
vt 0.78771125 0.36579125
vt 0.65878875 0.38858187499999997
vt 0.74275125 0.402335
vt 0.742136875 0.37824875
vt 0.71910875 0.263208125
vt 0.65632 0.316086875
vt 0.71910875 0.32612874999999997
vt 0.80017875 0.336931875
vt 0.78771125 0.33862000000000003
vt 0.80017875 0.34240375
vt 0.835526875 0.11557312500000005
vt 0.835526875 0.12448875000000004
vt 0.835526875 0.11557312500000005
vt 0.742136875 0.37824875
vt 0.648705 0.20196124999999998
vt 0.742136875 0.37824875
vt 0.54524125 0.189743125
vt 0.482413125 0.33791125
vt 0.482413125 0.189743125
vt 0.78674375 0.45511375
vt 0.80017875 0.45660625
vt 0.80017875 0.448445
vt 0.3792 0.32615000000000005
vt 0.36471375 0.26332187500000004
vt 0.3792 0.26332187500000004
vt 0.80017875 0.45660625
vt 0.78674375 0.46648687499999997
vt 0.78674375 0.46648687499999997
vt 0.80017875 0.336931875
vt 0.78771125 0.32956375000000004
vt 0.80017875 0.336931875
vt 0.78674375 0.429805
vt 0.80017875 0.448445
vt 0.80017875 0.43001875
vt 0.80017875 0.35882187499999996
vt 0.78771125 0.35673374999999996
vt 0.80017875 0.35334875
vt 0.19011 0.247911875
vt 0.20524 0.35528875000000004
vt 0.20524 0.20054625000000004
vt 0.833016875 0.45565687499999996
vt 0.81853125 0.39282874999999995
vt 0.833016875 0.39282874999999995
vt 0.83464125 0.11285875000000001
vt 0.833201875 0.11330874999999996
vt 0.83315875 0.11285875000000001
vt 0.78771125 0.33862000000000003
vt 0.80017875 0.336931875
vt 0.80017875 0.34240375
vt 0.834598125 0.11241000000000001
vt 0.83315875 0.11285875000000001
vt 0.833201875 0.11241000000000001
vt 0.80017875 0.34240375
vt 0.78771125 0.347676875
vt 0.80017875 0.347876875
vt 0.78771125 0.347676875
vt 0.80017875 0.35334875
vt 0.80017875 0.347876875
vt 0.80017875 0.35334875
vt 0.78771125 0.347676875
vt 0.80017875 0.347876875
vt 0.80017875 0.411756875
vt 0.78674375 0.429805
vt 0.80017875 0.43001875
vt 0.80017875 0.448445
vt 0.78674375 0.429805
vt 0.80017875 0.43001875
vt 0.80017875 0.40343312499999995
vt 0.78674375 0.40449500000000005
vt 0.80017875 0.411756875
vt 0.80017875 0.45660625
vt 0.78674375 0.45511375
vt 0.80017875 0.448445
vt 0.78771125 0.35673374999999996
vt 0.80017875 0.35882187499999996
vt 0.80017875 0.35334875
vt 0.74275125 0.402335
vt 0.753373125 0.38885875000000003
vt 0.74275125 0.402335
vt 0.83281125 0.12112124999999996
vt 0.83474 0.12179125000000002
vt 0.83306 0.12179125000000002
vt 0.78674375 0.429805
vt 0.80017875 0.411756875
vt 0.80017875 0.43001875
vt 0.834598125 0.11241000000000001
vt 0.83336 0.11195999999999995
vt 0.83444 0.11195999999999995
vt 0.59517625 0.22798125000000002
vt 0.648705 0.20196124999999998
vt 0.648705 0.24479687500000002
vt 0.833201875 0.11330874999999996
vt 0.83444 0.11375812500000004
vt 0.83336 0.11375812500000004
vt 0.742136875 0.37824875
vt 0.753373125 0.38885875000000003
vt 0.753373125 0.38885875000000003
vt 0.27851875 0.852295
vt 0.275565 0.8398712500000001
vt 0.287695 0.8398712500000001
vt 0.02887125 0.77856125
vt 0.03182625 0.79098625
vt 0.02510875 0.79098625
vt 0.362641875 0.879783125
vt 0.36776 0.86735875
vt 0.37101 0.86735875
vt 0.11796125 0.786758125
vt 0.10583 0.786758125
vt 0.10583 0.799181875
vt 0.146755 0.79346375
vt 0.15187375 0.8058881250000001
vt 0.15859 0.8058881250000001
vt 0.08482 0.786758125
vt 0.089936875 0.799181875
vt 0.096655 0.799181875
vt 0.299825 0.8398712500000001
vt 0.29687 0.852295
vt 0.303588125 0.852295
vt 0.050176875 0.79098625
vt 0.05689375 0.79098625
vt 0.062011875 0.77856125
vt 0.328398125 0.879783125
vt 0.330856875 0.879783125
vt 0.32573875 0.86735875
vt 0.053131875 0.77856125
vt 0.062011875 0.77856125
vt 0.05689375 0.79098625
vt 0.82512875 0.11688312499999998
vt 0.82504 0.11688312499999998
vt 0.826376875 0.11688312499999998
vt 0.33461875 0.86735875
vt 0.33461875 0.711073125
vt 0.34675 0.711073125
vt 0.176941875 0.8058881250000001
vt 0.183658125 0.8058881250000001
vt 0.188776875 0.79346375
vt 0.33461875 0.86735875
vt 0.33757375 0.879783125
vt 0.34675 0.879783125
vt 0.35888 0.86735875
vt 0.355925 0.879783125
vt 0.362641875 0.879783125
vt 0.33461875 0.86735875
vt 0.34675 0.86735875
vt 0.34675 0.879783125
vt 0.115005 0.799181875
vt 0.121723125 0.799181875
vt 0.12684125 0.786758125
vt 0.121723125 0.799181875
vt 0.12418125 0.799181875
vt 0.13009125 0.786758125
vt 0.15187375 0.8058881250000001
vt 0.149415 0.8058881250000001
vt 0.143505 0.79346375
vt 0.27851875 0.852295
vt 0.271801875 0.852295
vt 0.26668375 0.8398712500000001
vt 0.238368125 0.816533125
vt 0.23541375 0.828958125
vt 0.24213125 0.828958125
vt 0.355925 0.879783125
vt 0.35888 0.86735875
vt 0.34675 0.86735875
vt 0.84125375 0.120216875
vt 0.840095 0.120216875
vt 0.84000625 0.120216875
vt 0.24724875 0.816533125
vt 0.24213125 0.828958125
vt 0.23541375 0.828958125
vt 0.214108125 0.816533125
vt 0.226238125 0.816533125
vt 0.226238125 0.828958125
vt 0.217061875 0.828958125
vt 0.210345 0.828958125
vt 0.205228125 0.816533125
vt 0.146755 0.79346375
vt 0.15563625 0.79346375
vt 0.15563625 0.69610375
vt 0.062011875 0.69567875
vt 0.065261875 0.69567875
vt 0.065261875 0.77856125
vt 0.02265 0.79098625
vt 0.02510875 0.79098625
vt 0.01999125 0.77856125
vt 0.30870625 0.8398712500000001
vt 0.303588125 0.852295
vt 0.29687 0.852295
vt 0.15187375 0.8058881250000001
vt 0.146755 0.79346375
vt 0.143505 0.79346375
vt 0.210345 0.828958125
vt 0.205228125 0.816533125
vt 0.201976875 0.816533125
vt 0.330856875 0.879783125
vt 0.328398125 0.879783125
vt 0.32248875 0.86735875
vt 0.82984875 0.11772375000000002
vt 0.82993875 0.11772375000000002
vt 0.831096875 0.11772375000000002
vt 0.23541375 0.828958125
vt 0.238368125 0.816533125
vt 0.226238125 0.816533125
vt 0.362641875 0.879783125
vt 0.36510125 0.879783125
vt 0.37101 0.86735875
vt 0.303588125 0.852295
vt 0.30870625 0.8398712500000001
vt 0.31195625 0.8398712500000001
vt 0.33461875 0.86735875
vt 0.33757375 0.879783125
vt 0.330856875 0.879783125
vt 0.84000625 0.120216875
vt 0.840095 0.120216875
vt 0.84125375 0.120216875
vt 0.82022 0.11663875000000001
vt 0.82031 0.11663875000000001
vt 0.821468125 0.11663875000000001
vt 0.11796125 0.786758125
vt 0.115005 0.799181875
vt 0.10583 0.799181875
vt 0.12418125 0.799181875
vt 0.121723125 0.799181875
vt 0.12684125 0.786758125
vt 0.26668375 0.8398712500000001
vt 0.271801875 0.852295
vt 0.26934375 0.852295
vt 0.188776875 0.79346375
vt 0.183658125 0.8058881250000001
vt 0.176941875 0.8058881250000001
vt 0.81683375 0.11634
vt 0.81567625 0.11634
vt 0.815586875 0.11634
vt 0.821468125 0.11663875000000001
vt 0.82031 0.11663875000000001
vt 0.82022 0.11663875000000001
vt 0.275565 0.8398712500000001
vt 0.26668375 0.8398712500000001
vt 0.26668375 0.7043118749999999
vt 0.36776 0.86735875
vt 0.36776 0.711073125
vt 0.35888 0.711073125
vt 0.26343375 0.7043118749999999
vt 0.26343375 0.8398712500000001
vt 0.26668375 0.8398712500000001
vt 0.15563625 0.69610375
vt 0.15563625 0.79346375
vt 0.16776625 0.79346375
vt 0.053131875 0.69567875
vt 0.062011875 0.69567875
vt 0.062011875 0.77856125
vt 0.287695 0.7043118749999999
vt 0.287695 0.8398712500000001
vt 0.275565 0.8398712500000001
vt 0.11796125 0.786758125
vt 0.11796125 0.6949881250000001
vt 0.12684125 0.6949881250000001
vt 0.0937 0.786758125
vt 0.10583 0.786758125
vt 0.10583 0.6949881250000001
vt 0.02887125 0.69567875
vt 0.02887125 0.77856125
vt 0.04100125 0.77856125
vt 0.33461875 0.86735875
vt 0.32573875 0.86735875
vt 0.330856875 0.879783125
vt 0.10583 0.786758125
vt 0.0937 0.786758125
vt 0.096655 0.799181875
vt 0.01999125 0.77856125
vt 0.02510875 0.79098625
vt 0.03182625 0.79098625
vt 0.089936875 0.799181875
vt 0.08482 0.786758125
vt 0.08156875 0.786758125
vt 0.04100125 0.77856125
vt 0.04100125 0.69567875
vt 0.053131875 0.69567875
vt 0.01999125 0.69567875
vt 0.01999125 0.77856125
vt 0.01674125 0.77856125
vt 0.01999125 0.77856125
vt 0.02887125 0.77856125
vt 0.02887125 0.69567875
vt 0.08482 0.786758125
vt 0.08156875 0.786758125
vt 0.08156875 0.6949881250000001
vt 0.287695 0.7043118749999999
vt 0.299825 0.7043118749999999
vt 0.299825 0.8398712500000001
vt 0.13009125 0.786758125
vt 0.12684125 0.786758125
vt 0.12684125 0.6949881250000001
vt 0.13009125 0.786758125
vt 0.13009125 0.6949881250000001
vt 0.12684125 0.6949881250000001
vt 0.04100125 0.77856125
vt 0.053131875 0.77856125
vt 0.053131875 0.69567875
vt 0.835031875 0.11857375000000003
vt 0.834941875 0.11857375000000003
vt 0.83619 0.11857375000000003
vt 0.34675 0.711073125
vt 0.33461875 0.711073125
vt 0.33461875 0.86735875
vt 0.16776625 0.79346375
vt 0.179896875 0.79346375
vt 0.179896875 0.69610375
vt 0.053131875 0.69567875
vt 0.053131875 0.77856125
vt 0.062011875 0.77856125
vt 0.143505 0.79346375
vt 0.143505 0.69610375
vt 0.146755 0.69610375
vt 0.179896875 0.69610375
vt 0.179896875 0.79346375
vt 0.16776625 0.79346375
vt 0.143505 0.79346375
vt 0.146755 0.79346375
vt 0.146755 0.69610375
vt 0.24724875 0.6987068750000001
vt 0.24724875 0.816533125
vt 0.25049875 0.816533125
vt 0.205228125 0.816533125
vt 0.205228125 0.6987068750000001
vt 0.214108125 0.6987068750000001
vt 0.205228125 0.816533125
vt 0.214108125 0.816533125
vt 0.214108125 0.6987068750000001
vt 0.238368125 0.816533125
vt 0.24724875 0.816533125
vt 0.24724875 0.6987068750000001
vt 0.214108125 0.6987068750000001
vt 0.226238125 0.6987068750000001
vt 0.226238125 0.816533125
vt 0.299825 0.8398712500000001
vt 0.299825 0.7043118749999999
vt 0.30870625 0.7043118749999999
vt 0.26668375 0.7043118749999999
vt 0.26668375 0.8398712500000001
vt 0.26343375 0.8398712500000001
vt 0.35888 0.711073125
vt 0.36776 0.711073125
vt 0.36776 0.86735875
vt 0.146755 0.79346375
vt 0.146755 0.69610375
vt 0.15563625 0.69610375
vt 0.32573875 0.711073125
vt 0.32573875 0.86735875
vt 0.32248875 0.86735875
vt 0.30870625 0.7043118749999999
vt 0.31195625 0.7043118749999999
vt 0.31195625 0.8398712500000001
vt 0.179896875 0.79346375
vt 0.188776875 0.79346375
vt 0.188776875 0.69610375
vt 0.01674125 0.77856125
vt 0.01999125 0.77856125
vt 0.01999125 0.69567875
vt 0.062011875 0.69567875
vt 0.062011875 0.77856125
vt 0.065261875 0.77856125
vt 0.35888 0.711073125
vt 0.34675 0.711073125
vt 0.34675 0.86735875
vt 0.08482 0.786758125
vt 0.08482 0.6949881250000001
vt 0.08156875 0.6949881250000001
vt 0.11796125 0.786758125
vt 0.12684125 0.786758125
vt 0.12684125 0.6949881250000001
vt 0.32573875 0.86735875
vt 0.32573875 0.711073125
vt 0.33461875 0.711073125
vt 0.0937 0.6949881250000001
vt 0.10583 0.6949881250000001
vt 0.10583 0.786758125
vt 0.299825 0.8398712500000001
vt 0.30870625 0.8398712500000001
vt 0.30870625 0.7043118749999999
vt 0.188776875 0.69610375
vt 0.192026875 0.69610375
vt 0.192026875 0.79346375
vt 0.02887125 0.69567875
vt 0.04100125 0.69567875
vt 0.04100125 0.77856125
vt 0.238368125 0.816533125
vt 0.238368125 0.6987068750000001
vt 0.24724875 0.6987068750000001
vt 0.226238125 0.816533125
vt 0.226238125 0.6987068750000001
vt 0.238368125 0.6987068750000001
vt 0.205228125 0.6987068750000001
vt 0.201976875 0.6987068750000001
vt 0.201976875 0.816533125
vt 0.201976875 0.816533125
vt 0.201976875 0.6987068750000001
vt 0.205228125 0.6987068750000001
vt 0.24724875 0.6987068750000001
vt 0.25049875 0.6987068750000001
vt 0.25049875 0.816533125
vt 0.226238125 0.816533125
vt 0.226238125 0.6987068750000001
vt 0.214108125 0.6987068750000001
vt 0.226238125 0.816533125
vt 0.238368125 0.816533125
vt 0.238368125 0.6987068750000001
vt 0.26668375 0.7043118749999999
vt 0.26668375 0.8398712500000001
vt 0.275565 0.8398712500000001
vt 0.0937 0.6949881250000001
vt 0.0937 0.786758125
vt 0.08482 0.786758125
vt 0.32573875 0.86735875
vt 0.33461875 0.86735875
vt 0.33461875 0.711073125
vt 0.10583 0.6949881250000001
vt 0.11796125 0.6949881250000001
vt 0.11796125 0.786758125
vt 0.275565 0.8398712500000001
vt 0.287695 0.8398712500000001
vt 0.287695 0.7043118749999999
vt 0.179896875 0.69610375
vt 0.188776875 0.69610375
vt 0.188776875 0.79346375
vt 0.35888 0.711073125
vt 0.35888 0.86735875
vt 0.34675 0.86735875
vt 0.287695 0.7043118749999999
vt 0.287695 0.8398712500000001
vt 0.299825 0.8398712500000001
vt 0.04100125 0.77856125
vt 0.053131875 0.77856125
vt 0.050176875 0.79098625
vt 0.35888 0.86735875
vt 0.355925 0.879783125
vt 0.34675 0.879783125
vt 0.16776625 0.79346375
vt 0.15563625 0.79346375
vt 0.15859 0.8058881250000001
vt 0.30870625 0.8398712500000001
vt 0.303588125 0.852295
vt 0.30604625 0.852295
vt 0.24724875 0.816533125
vt 0.24213125 0.828958125
vt 0.24458875 0.828958125
vt 0.059353125 0.79098625
vt 0.05689375 0.79098625
vt 0.062011875 0.77856125
vt 0.32248875 0.86735875
vt 0.32573875 0.86735875
vt 0.32573875 0.711073125
vt 0.08482 0.786758125
vt 0.0937 0.786758125
vt 0.0937 0.6949881250000001
vt 0.37101 0.711073125
vt 0.37101 0.86735875
vt 0.36776 0.86735875
vt 0.188776875 0.69610375
vt 0.188776875 0.79346375
vt 0.192026875 0.79346375
vt 0.37101 0.711073125
vt 0.36776 0.711073125
vt 0.36776 0.86735875
vt 0.210345 0.828958125
vt 0.207886875 0.828958125
vt 0.201976875 0.816533125
vt 0.179896875 0.79346375
vt 0.176941875 0.8058881250000001
vt 0.16776625 0.8058881250000001
vt 0.16776625 0.79346375
vt 0.15563625 0.79346375
vt 0.15563625 0.69610375
vt 0.36776 0.86735875
vt 0.362641875 0.879783125
vt 0.355925 0.879783125
vt 0.183658125 0.8058881250000001
vt 0.188776875 0.79346375
vt 0.192026875 0.79346375
vt 0.05689375 0.79098625
vt 0.059353125 0.79098625
vt 0.065261875 0.77856125
vt 0.271801875 0.852295
vt 0.26668375 0.8398712500000001
vt 0.26343375 0.8398712500000001
vt 0.24213125 0.828958125
vt 0.24724875 0.816533125
vt 0.25049875 0.816533125
vt 0.287695 0.8398712500000001
vt 0.275565 0.8398712500000001
vt 0.27851875 0.852295
vt 0.226238125 0.816533125
vt 0.238368125 0.816533125
vt 0.23541375 0.828958125
vt 0.053131875 0.77856125
vt 0.04100125 0.77856125
vt 0.04100125 0.79098625
vt 0.15859 0.8058881250000001
vt 0.15187375 0.8058881250000001
vt 0.146755 0.79346375
vt 0.02887125 0.77856125
vt 0.03182625 0.79098625
vt 0.04100125 0.79098625
vt 0.81683375 0.11634
vt 0.81692375 0.11634
vt 0.815586875 0.11634
vt 0.12684125 0.786758125
vt 0.121723125 0.799181875
vt 0.115005 0.799181875
vt 0.188776875 0.79346375
vt 0.183658125 0.8058881250000001
vt 0.186116875 0.8058881250000001
vt 0.214108125 0.816533125
vt 0.205228125 0.816533125
vt 0.210345 0.828958125
vt 0.15859 0.8058881250000001
vt 0.15563625 0.79346375
vt 0.16776625 0.79346375
vt 0.01999125 0.77856125
vt 0.01999125 0.69567875
vt 0.02887125 0.69567875
vt 0.835031875 0.11857375000000003
vt 0.835945 0.11857375000000003
vt 0.83619 0.11857375000000003
vt 0.82512875 0.11688312499999998
vt 0.826286875 0.11688312499999998
vt 0.826376875 0.11688312499999998
vt 0.831096875 0.11772375000000002
vt 0.82993875 0.11772375000000002
vt 0.82984875 0.11772375000000002
vt 0.30870625 0.7043118749999999
vt 0.30870625 0.8398712500000001
vt 0.31195625 0.8398712500000001
vt 0.179896875 0.79346375
vt 0.16776625 0.79346375
vt 0.16776625 0.8058881250000001
vt 0.01999125 0.77856125
vt 0.02510875 0.79098625
vt 0.02265 0.79098625
vt 0.26668375 0.8398712500000001
vt 0.271801875 0.852295
vt 0.27851875 0.852295
vt 0.29687 0.852295
vt 0.299825 0.8398712500000001
vt 0.287695 0.8398712500000001
vt 0.08482 0.786758125
vt 0.089936875 0.799181875
vt 0.08747875 0.799181875
vt 0.096655 0.799181875
vt 0.0937 0.786758125
vt 0.10583 0.786758125
vt 0.10583 0.786758125
vt 0.11796125 0.786758125
vt 0.11796125 0.6949881250000001
vt 0.287695 0.8398712500000001
vt 0.299825 0.8398712500000001
vt 0.29687 0.852295
vt 0.0937 0.786758125
vt 0.096655 0.799181875
vt 0.089936875 0.799181875
vt 0.214108125 0.816533125
vt 0.217061875 0.828958125
vt 0.226238125 0.828958125
vt 0.03182625 0.79098625
vt 0.02887125 0.77856125
vt 0.04100125 0.77856125
vt 0.589431875 0.39465874999999995
vt 0.589431875 0.42312812499999997
vt 0.589431875 0.42312812499999997
vt 0.589431875 0.39465874999999995
vt 0.589431875 0.39465874999999995
vt 0.569985 0.38299812499999997
vt 0.596531875 0.42612312500000005
vt 0.589431875 0.42312812499999997
vt 0.578368125 0.43323625
vt 0.527203125 0.374073125
vt 0.527203125 0.44216124999999995
vt 0.527203125 0.44216124999999995
vt 0.589431875 0.42312812499999997
vt 0.578368125 0.43323625
vt 0.578368125 0.43323625
vt 0.571103125 0.374073125
vt 0.527203125 0.374073125
vt 0.527203125 0.374073125
vt 0.569985 0.38299812499999997
vt 0.569985 0.38299812499999997
vt 0.53664125 0.38299812499999997
vt 0.571103125 0.374073125
vt 0.571103125 0.374073125
vt 0.596531875 0.39011125
vt 0.53664125 0.43323625
vt 0.53664125 0.38299812499999997
vt 0.53664125 0.38299812499999997
vt 0.527203125 0.44216124999999995
vt 0.57948625 0.44216124999999995
vt 0.53664125 0.43323625
vt 0.57948625 0.44216124999999995
vt 0.578368125 0.43323625
vt 0.53664125 0.43323625
vt 0.589431875 0.42312812499999997
vt 0.596531875 0.42612312500000005
vt 0.589431875 0.39465874999999995
vt 0.596531875 0.42612312500000005
vt 0.596531875 0.39011125
vt 0.589431875 0.39465874999999995
vt 0.527203125 0.374073125
vt 0.527203125 0.44216124999999995
vt 0.53664125 0.38299812499999997
vt 0.527203125 0.44216124999999995
vt 0.53664125 0.43323625
vt 0.53664125 0.38299812499999997
vt 0.589431875 0.39465874999999995
vt 0.596531875 0.39011125
vt 0.571103125 0.374073125
vt 0.527203125 0.374073125
vt 0.53664125 0.38299812499999997
vt 0.571103125 0.374073125
vt 0.53664125 0.38299812499999997
vt 0.569985 0.38299812499999997
vt 0.571103125 0.374073125
vt 0.596531875 0.39011125
vt 0.596531875 0.42612312500000005
vt 0.589431875 0.39465874999999995
vt 0.596531875 0.42612312500000005
vt 0.589431875 0.42312812499999997
vt 0.589431875 0.39465874999999995
vt 0.578368125 0.43323625
vt 0.57948625 0.44216124999999995
vt 0.53664125 0.43323625
vt 0.57948625 0.44216124999999995
vt 0.527203125 0.44216124999999995
vt 0.53664125 0.43323625
vt 0.571103125 0.374073125
vt 0.596531875 0.39011125
vt 0.589431875 0.39465874999999995
vt 0.571103125 0.374073125
vt 0.589431875 0.39465874999999995
vt 0.569985 0.38299812499999997
vt 0.53664125 0.43323625
vt 0.527203125 0.44216124999999995
vt 0.53664125 0.38299812499999997
vt 0.527203125 0.44216124999999995
vt 0.527203125 0.374073125
vt 0.53664125 0.38299812499999997
vt 0.571103125 0.374073125
vt 0.569985 0.38299812499999997
vt 0.53664125 0.38299812499999997
vt 0.596531875 0.42612312500000005
vt 0.57948625 0.44216124999999995
vt 0.578368125 0.43323625
vt 0.57948625 0.44216124999999995
vt 0.527203125 0.44216124999999995
vt 0.527203125 0.44216124999999995
vt 0.596531875 0.39011125
vt 0.596531875 0.39011125
vt 0.596531875 0.42612312500000005
vt 0.578368125 0.43323625
vt 0.53664125 0.43323625
vt 0.53664125 0.43323625
vt 0.57948625 0.44216124999999995
vt 0.596531875 0.42612312500000005
vt 0.596531875 0.42612312500000005
vt 0.29209625 0.20748500000000003
vt 0.282641875 0.20745312500000002
vt 0.282641875 0.20685312499999997
vt 0.882246875 0.6010031250000001
vt 0.84040125 0.582333125
vt 0.852348125 0.6425818750000001
vt 0.882246875 0.6010031250000001
vt 0.891296875 0.6644712500000001
vt 0.852348125 0.6425818750000001
vt 0.807296875 0.62359125
vt 0.807296875 0.5717099999999999
vt 0.84040125 0.582333125
vt 0.91353125 0.61902875
vt 0.91353125 0.6783131250000001
vt 0.891296875 0.6644712500000001
vt 0.91353125 0.61902875
vt 0.882246875 0.6010031250000001
vt 0.891296875 0.6644712500000001
vt 0.32167 0.20730125
vt 0.32167 0.20759312500000004
vt 0.320776875 0.20753312499999998
vt 0.780565 0.6149
vt 0.78184 0.5662381249999999
vt 0.807296875 0.5717099999999999
vt 0.640863125 0.5920449999999999
vt 0.68689375 0.59558625
vt 0.692005 0.5543281250000001
vt 0.91353125 0.6783131250000001
vt 0.93461125 0.69574375
vt 0.961755 0.652828125
vt 0.30572 0.20831624999999998
vt 0.30572 0.20905812499999998
vt 0.29209625 0.20889999999999997
vt 0.74547875 0.60620875
vt 0.75638375 0.56076625
vt 0.78184 0.5662381249999999
vt 0.319835 0.20699124999999996
vt 0.319835 0.20748812500000002
vt 0.318185 0.20740875000000003
vt 0.318185 0.20891375
vt 0.31627625 0.20915125
vt 0.31627625 0.20837125
vt 0.320776875 0.20854812499999997
vt 0.319835 0.20869812499999996
vt 0.319835 0.20820125
vt 0.91353125 0.6783131250000001
vt 0.91353125 0.61902875
vt 0.961755 0.652828125
vt 0.013391875 0.58087125
vt 0.013391875 0.5520737499999999
vt 0.236535 0.5797162499999999
vt 0.013391875 0.5520737499999999
vt 0.62183125 0.55143125
vt 0.236535 0.5797162499999999
vt 0.62183125 0.55143125
vt 0.640863125 0.5920449999999999
vt 0.55813625 0.58753875
vt 0.74547875 0.60620875
vt 0.780565 0.6149
vt 0.78184 0.5662381249999999
vt 0.31514375 0.20732375000000003
vt 0.31514375 0.20647187499999997
vt 0.31627625 0.20653687499999995
vt 0.62183125 0.55143125
vt 0.013391875 0.5520737499999999
vt 0.236535 0.5797162499999999
vt 0.013391875 0.5520737499999999
vt 0.013391875 0.58087125
vt 0.236535 0.5797162499999999
vt 0.55813625 0.58753875
vt 0.640863125 0.5920449999999999
vt 0.62183125 0.55143125
vt 0.313656875 0.20920125
vt 0.313656875 0.208356875
vt 0.31514375 0.20836500000000002
vt 0.32391125 0.20784375
vt 0.32167 0.20838812500000004
vt 0.93106125 0.52393125
vt 0.32167 0.20759312500000004
vt 0.32167 0.20730125
vt 0.32391125 0.20784375
vt 0.282641875 0.20883624999999995
vt 0.282641875 0.20823625
vt 0.29209625 0.20820312500000004
vt 0.311175 0.20734375000000005
vt 0.309225 0.20735499999999996
vt 0.309225 0.20655999999999997
vt 0.692005 0.5543281250000001
vt 0.75638375 0.56076625
vt 0.74547875 0.60620875
vt 0.30572 0.20737312500000005
vt 0.29209625 0.20748500000000003
vt 0.29209625 0.20678874999999997
vt 0.313656875 0.20733187500000005
vt 0.311175 0.20734375000000005
vt 0.311175 0.20653687499999995
vt 0.640863125 0.5920449999999999
vt 0.62183125 0.55143125
vt 0.692005 0.5543281250000001
vt 0.780565 0.6149
vt 0.807296875 0.62359125
vt 0.807296875 0.5717099999999999
vt 0.320776875 0.20815625000000004
vt 0.32167 0.20809624999999998
vt 0.32167 0.20838812500000004
vt 0.74547875 0.60620875
vt 0.75638375 0.56076625
vt 0.692005 0.5543281250000001
vt 0.319835 0.20869812499999996
vt 0.318185 0.20891375
vt 0.318185 0.20828000000000002
vt 0.31514375 0.20836500000000002
vt 0.31627625 0.20837125
vt 0.31627625 0.20915125
vt 0.311175 0.20915125
vt 0.311175 0.20834375000000005
vt 0.313656875 0.208356875
vt 0.309225 0.209128125
vt 0.309225 0.20833374999999998
vt 0.311175 0.20834375000000005
vt 0.320776875 0.20714
vt 0.320776875 0.20753312499999998
vt 0.319835 0.20748812500000002
vt 0.318185 0.20677500000000004
vt 0.318185 0.20740875000000003
vt 0.31627625 0.20731812500000002
vt 0.31514375 0.20732375000000003
vt 0.313656875 0.20733187500000005
vt 0.313656875 0.20648812500000002
vt 0.30572 0.20905812499999998
vt 0.30572 0.20831624999999998
vt 0.309225 0.20833374999999998
vt 0.309225 0.20735499999999996
vt 0.30572 0.20737312500000005
vt 0.30572 0.20663125000000004
vt 0.84040125 0.582333125
vt 0.807296875 0.5717099999999999
vt 0.807296875 0.62359125
vt 0.753373125 0.38885875000000003
vt 0.742136875 0.37824875
vt 0.724365 0.39932375
vt 0.742136875 0.37824875
vt 0.650836875 0.38185812500000005
vt 0.65878875 0.38858187499999997
vt 0.650836875 0.38185812500000005
vt 0.59493375 0.46684812499999995
vt 0.65878875 0.38858187499999997
vt 0.59493375 0.46684812499999995
vt 0.602621875 0.47161312499999997
vt 0.65878875 0.38858187499999997
vt 0.19011 0.20054625000000004
vt 0.20524 0.20054625000000004
vt 0.20524 0.35528875000000004
vt 0.78771125 0.347676875
vt 0.78771125 0.33862000000000003
vt 0.80017875 0.34240375
vt 0.60253875 0.29006624999999997
vt 0.60253875 0.29927000000000004
vt 0.65632 0.316086875
vt 0.78674375 0.393123125
vt 0.80017875 0.40343312499999995
vt 0.80017875 0.40343312499999995
vt 0.835051875 0.119606875
vt 0.83498875 0.12112124999999996
vt 0.83281125 0.12112124999999996
vt 0.78674375 0.40449500000000005
vt 0.78674375 0.393123125
vt 0.80017875 0.40343312499999995
vt 0.83474 0.11742312499999996
vt 0.83498875 0.11810687499999994
vt 0.83281125 0.11810687499999994
vt 0.83498875 0.11810687499999994
vt 0.835051875 0.119606875
vt 0.832748125 0.119606875
vt 0.78771125 0.36579125
vt 0.80017875 0.35882187499999996
vt 0.80017875 0.35882187499999996
vt 0.753373125 0.38885875000000003
vt 0.742136875 0.37824875
vt 0.74275125 0.402335
vt 0.742136875 0.37824875
vt 0.650836875 0.38185812500000005
vt 0.65878875 0.38858187499999997
vt 0.650836875 0.38185812500000005
vt 0.59493375 0.46684812499999995
vt 0.65878875 0.38858187499999997
vt 0.59493375 0.46684812499999995
vt 0.602621875 0.47161312499999997
vt 0.65878875 0.38858187499999997
vt 0.71910875 0.263208125
vt 0.65632 0.27325
vt 0.65632 0.316086875
vt 0.80017875 0.336931875
vt 0.78771125 0.32956375000000004
vt 0.78771125 0.33862000000000003
vt 0.835526875 0.11557312500000005
vt 0.835526875 0.12448875000000004
vt 0.835526875 0.12448875000000004
vt 0.742136875 0.37824875
vt 0.648705 0.24479687500000002
vt 0.648705 0.20196124999999998
vt 0.54524125 0.189743125
vt 0.54524125 0.33791125
vt 0.482413125 0.33791125
vt 0.78674375 0.45511375
vt 0.78674375 0.46648687499999997
vt 0.80017875 0.45660625
vt 0.3792 0.32615000000000005
vt 0.36471375 0.32615000000000005
vt 0.36471375 0.26332187500000004
vt 0.80017875 0.45660625
vt 0.80017875 0.45660625
vt 0.78674375 0.46648687499999997
vt 0.80017875 0.336931875
vt 0.78771125 0.32956375000000004
vt 0.78771125 0.32956375000000004
vt 0.78674375 0.429805
vt 0.78674375 0.45511375
vt 0.80017875 0.448445
vt 0.80017875 0.35882187499999996
vt 0.78771125 0.36579125
vt 0.78771125 0.35673374999999996
vt 0.19011 0.247911875
vt 0.19011 0.35528875000000004
vt 0.20524 0.35528875000000004
vt 0.833016875 0.45565687499999996
vt 0.81853125 0.45565687499999996
vt 0.81853125 0.39282874999999995
vt 0.83464125 0.11285875000000001
vt 0.834598125 0.11330874999999996
vt 0.833201875 0.11330874999999996
vt 0.78771125 0.33862000000000003
vt 0.78771125 0.32956375000000004
vt 0.80017875 0.336931875
vt 0.834598125 0.11241000000000001
vt 0.83464125 0.11285875000000001
vt 0.83315875 0.11285875000000001
vt 0.80017875 0.34240375
vt 0.78771125 0.33862000000000003
vt 0.78771125 0.347676875
vt 0.78771125 0.347676875
vt 0.78771125 0.35673374999999996
vt 0.80017875 0.35334875
vt 0.80017875 0.35334875
vt 0.78771125 0.35673374999999996
vt 0.78771125 0.347676875
vt 0.80017875 0.411756875
vt 0.78674375 0.40449500000000005
vt 0.78674375 0.429805
vt 0.80017875 0.448445
vt 0.78674375 0.45511375
vt 0.78674375 0.429805
vt 0.80017875 0.40343312499999995
vt 0.78674375 0.393123125
vt 0.78674375 0.40449500000000005
vt 0.80017875 0.45660625
vt 0.78674375 0.46648687499999997
vt 0.78674375 0.45511375
vt 0.78771125 0.35673374999999996
vt 0.78771125 0.36579125
vt 0.80017875 0.35882187499999996
vt 0.74275125 0.402335
vt 0.753373125 0.38885875000000003
vt 0.753373125 0.38885875000000003
vt 0.83281125 0.12112124999999996
vt 0.83498875 0.12112124999999996
vt 0.83474 0.12179125000000002
vt 0.78674375 0.429805
vt 0.78674375 0.40449500000000005
vt 0.80017875 0.411756875
vt 0.834598125 0.11241000000000001
vt 0.833201875 0.11241000000000001
vt 0.83336 0.11195999999999995
vt 0.59517625 0.22798125000000002
vt 0.59517625 0.21877687499999998
vt 0.648705 0.20196124999999998
vt 0.833201875 0.11330874999999996
vt 0.834598125 0.11330874999999996
vt 0.83444 0.11375812500000004
vt 0.742136875 0.37824875
vt 0.742136875 0.37824875
vt 0.753373125 0.38885875000000003
vn 0.44226197779059917 -0.18443066804351016 -0.8777184467047348
vn 0.4902093929180644 -0.5889226426712831 -0.6425456186481822
vn 0.31127340652327323 0.9207561583699593 -0.23519558502487145
vn 0.38692541598640323 0.2827060427542489 0.8777049708495341
vn 0.49024160646770065 -0.5889228715871199 0.642520831265064
vn 0.4902416064676954 -0.5889228715871223 0.6425208312650658
vn 0.3389461324108454 0.6872411041153219 0.6425069525990228
vn 0.3389680088436261 0.687218236971318 0.6425198703189039
vn 0.5179128952861053 -0.822467446678003 0.23518829063397328
vn 0.3389131778644541 0.6872372685486298 -0.6425284387384231
vn 0.9930482695718611 0.11770783102578201 -0.000028557630313003327
vn 0.030469448719249625 -0.25702990840499185 -0.9659229984217514
vn 0.338938678316994 0.6872351160662683 0.6425172897176481
vn 0.442261518205505 -0.18439879989621188 0.8777253739703544
vn 0.3389365210734309 0.6872355446286205 0.642517969306418
vn 0.4422422385005984 -0.18438056317096319 -0.877738919275395
vn 0.3389603522565671 0.6872308100559158 0.6425104616331114
vn 0.31123937193416645 0.9207746108276459 0.23516838523326813
vn 0.5179044105805402 -0.822461722012974 -0.23522699106326408
vn 0.49021786142729395 -0.5889014723642478 -0.6425585608992159
vn 0.33892702896925064 0.6872337468076256 0.6425248993485225
vn 0.3868942448198952 0.2826884131197027 0.8777243897791078
vn 0.9930479314941301 0.1177106800726237 0.000039396319643315695
vn 0.9930460736352063 0.11772635885721691 -0.000008241517003230235
vn 0.9930439430704792 0.11774431460437039 0.00005924003764836484
vn 0.9930439375910278 0.11774431395467684 -0.0001206028585921421
vn 0.9930460736352063 0.11772635885721691 0.000008241517002789234
vn 0.9930439430704792 0.11774431460437039 -0.000059240037648828156
vn 0.9930439375910278 0.11774431395467684 0.0001206028585917011
vn 0.338938895363132 0.687217422849166 -0.6425360993302793
vn 0.4422404622688899 -0.18439927692966862 -0.8777358829397451
vn 0.49018913844572315 -0.5889262287315642 -0.6425577839088537
vn 0.0832435495758231 -0.7022056127912161 0.7070910753350875
vn -0.11370174506152665 0.9591989825061137 -0.2588614013892377
vn 0.9930498310032603 0.11769463408287967 -0.0000790727109345498
vn 0.9930498188845805 0.11769463264659366 0.00017509850107621911
vn 0.993045899215972 0.11772782309531062 0.000041467831977455395
vn 0.9930458990349423 0.11772782307384913 -0.00004565277401234314
vn 0.9930498310032602 0.11769463408287965 0.0000790727109340642
vn 0.9930498188845805 0.11769463264659366 -0.00017509850107666011
vn 0.517912479328325 -0.8224667861195328 0.23519151661187593
vn 0.33895471560646434 0.6872254328518359 -0.6425191866471754
vn 0.5179118251664693 -0.8224657472830099 0.23519658989648773
vn 0.5179199487460655 -0.8224645850393302 0.23518276519965323
vn 0.5179022681086947 -0.8224768312290671 -0.23517887400713178
vn 0.9930466639214924 0.11772137721834693 0.00002490401787632784
vn 0.9930483565115957 0.11770709900379268 -0.000021765342330692723
vn 0.9930464804631769 0.11772292138139734 0.000037697834537640255
vn 0.9930464803663557 0.11772292136991945 -0.000040201055799811586
vn 0.9930483565115957 0.11770709900379268 0.000021765342330251727
vn 0.9930464804631769 0.11772292138139734 -0.00003769783453805896
vn 0.9930464803660958 0.11772292136988866 0.00004020756661905008
vn 0.38693073413332435 0.2826531162156311 0.8777196721485965
vn 0.31125964771069886 0.9207546838430298 0.23521956527494478
vn 0.31127486888912087 0.9207604840924009 -0.23517671426395145
vn 0.4902210806803244 -0.5889137767262796 -0.6425448277269101
vn 0.9930479314941637 0.1177106800726277 -0.000039395464948593994
vn 0.993048269725375 0.11770783104397829 -0.000022502475762790637
vn 0.9930460290015328 0.11772672564642914 0.00004850626027723348
vn 0.9930460298366205 0.11772672574542972 0.000025903402659222336
vn 0.9930482695452338 0.11770783102262582 -0.00002948161596047044
vn 0.993046029472614 0.11772672434142552 0.000041527269935499724
vn 0.9930460297373515 0.11772672658255148 -0.00002590445123227275
vn 0.9930460298964745 0.11772672575252545 0.000023461455544769493
vn 0.9930460728684423 0.11772635876631642 -0.00004015207515760968
vn 0.9930472982602284 0.11771602871443093 -0.0000013283585321866568
vn 0.9930472981596223 0.11771602870250507 -0.000014296335764429203
vn 0.9930460728683949 0.11772635876631078 0.000040153265165631
vn 0.9930472982602282 0.11771602871443093 0.000001328397900948521
vn 0.9930472981596388 0.11771602870250703 0.00001429517835338577
vn 0.386893293528239 0.28269263649911114 -0.8777234488676109
vn 0.3112495228959088 0.9207687056039562 -0.2351780714213896
vn 0.5178738084001814 -0.8225004970865814 -0.23515877798929538
vn 0.3389425093100972 0.6872203887028467 -0.6425310208337671
vn 0.9930481567479764 0.11770877811160928 0.00004398771036601692
vn 0.9930460298965101 0.11772672575252967 -0.000023459928636863546
vn 0.9930460728685847 0.1177263587663333 -0.000040148505555438166
vn 0.9930460293135147 0.1177267256834149 -0.00004152739060500415
vn 0.9930460298364587 0.11772672574541053 0.000025909696009559982
vn 0.9930460728683949 0.11772635876631078 0.000040153265165631
vn 0.9930460293133117 0.11772672568339085 0.00004153231368214316
vn 0.9930460298366744 0.11772672574543608 -0.000025901305564407596
vn 0.08323625608817041 -0.7021639198500155 -0.7071333363187495
vn -0.08324476639191242 0.7022026498761642 0.7070938745140203
vn 0.1137110291307193 -0.9592097713350833 0.2588173418249443
vn 0.03046941113663964 -0.2570264197960815 0.9659239279114039
vn -0.08324016181557646 0.7021900523434619 -0.7071069267450313
vn 0.030469190500129754 -0.25703181812460996 -0.9659224983930255
vn -0.0832403887956565 0.7021872067775495 -0.7071097257930278
vn 0.03047039272226056 -0.257037722488094 0.9659208892996801
vn 0.030470167843499735 -0.2570317022900752 0.9659224983866228
vn 0.49019469606959515 -0.5889576326498417 0.6425247597476159
vn 0.4422847451648985 -0.1844273390009514 0.8777076739002851
vn 0.4902601837502872 -0.5889143032971126 0.64251451003165
vn 0.5179159307484801 -0.8224722671198094 0.23516474756165412
vn -0.030469317382623245 0.25703039375603465 -0.9659228734137394
vn 0.11370729887717318 -0.9591997336444382 -0.2588561785210001
vn 0.08324189683090694 -0.702202990104547 0.70709387446097
vn 0.11371331014142616 -0.959210910279243 -0.25881211852992103
vn -0.030469598060902967 0.25702639763353236 -0.9659239279123053
vn -0.11370901296344534 0.9592100103501714 -0.2588173417970734
vn -0.1137093879356049 0.9592131734859666 0.2588054537800376
vn -0.030469484896592493 0.2570259412779622 0.9659240529152973
vn 0.9930483401426367 0.11770723363620934 -0.00003591190669978384
vn 0.030469448719250003 -0.25702990840499146 0.9659229984217514
vn -0.030469984242593097 0.2570312542633717 0.9659226233979895
vn -0.08323620857715758 0.7021887529665709 0.7071086824448927
vn 0.11370894162996005 -0.9591981293923264 -0.25886140145579106
vn -0.030469984242593565 0.25703125426337203 -0.9659226233979893
vn 0.11370783246586438 -0.9592054325009718 0.2588348258958569
vn -0.11370983340798554 0.9592152850841664 0.2587974316859227
vn 0.08324302547521813 -0.7021868941601972 -0.707109725841321
vn 0.08324477224157557 -0.7022064074263453 0.7070901422476726
vn -0.08324169298217116 0.7021792379026929 0.7071174855763754
vn 0.030470650980532494 -0.25703164502867953 -0.9659224983831124
vn -0.08324213146616859 0.7021949259719913 -0.7071018551016246
vn 0.11371190157113002 -0.9592128754957813 -0.2588054538146224
vn -0.08324290034110195 0.7021869089968162 -0.7071097258391361
vn 0.08324180191471059 -0.7021879788033379 -0.7071087927879806
vn 0.11370900119245697 -0.9592141587884041 -0.2588019718388331
vn -0.11371066753035133 0.9592144309898224 -0.25880023081649955
vn -0.08324349039565271 0.7022065593503781 0.7070901422817693
vn 0.11370767395622035 -0.9592028976956963 0.258844288976299
vn -0.11371135147705592 0.9592143499166361 0.25880023079446157
vn -0.030470141895142983 0.25702774250263233 0.965923552894788
vn 0.11370519718636041 -0.9592017819215177 0.25884951166922554
vn -0.08324146026155338 0.7022137860749369 0.7070832043966445
vn 0.08323757978641433 -0.7021675209982019 -0.7071296046458103
vn 0.03046963091503791 -0.25703129614514664 -0.9659226233989177
vn -0.08324434104137418 0.702182682165768 0.7071137536147035
vn -0.11371102416567336 0.9592097719236877 -0.2588173418248875
vn 0.030468963955340055 -0.2570274123451776 -0.9659236779055738
vn -0.08323904248344317 0.7021883059407947 -0.7071087927656087
vn -0.0304699794184239 0.2570272919788157 -0.9659236779022853
vn 0.11371046172491887 -0.9591979491868574 0.2588614014681074
vn 0.11371083682953552 -0.959201113359913 -0.25884951171796744
vn -0.11370739878663584 0.9592134092941282 -0.2588054537514856
vn 0.030470650980532882 -0.25703164502867915 0.9659224983831125
vn -0.030469983218079817 0.25702776130875393 0.9659235528960356
vn 0.08323812211464933 -0.7021796612652155 0.7071174855229462
vn 0.08324167064302156 -0.7021721430090484 -0.7071245334809416
vn 0.08323943219312971 -0.7021804454451149 0.7071165526012423
vn -0.030470132978719377 0.257027743559394 -0.965923552894858
vn 0.03046919050013015 -0.2570318181246097 0.9659224983930257
vn -0.0832411850420571 0.7021871123712933 -0.7071097258081371
vn -0.0304705400435419 0.2570391144456183 -0.9659205142424855
vn -0.030472013024296054 0.2570375303440244 0.9659208893159377
vn 0.3869236444067055 0.28264325371442817 -0.877725973484182
vn 0.38689329352823965 0.2826926364991081 -0.8777234488676117
vn 0.4422823564664455 -0.1844279143664689 0.8777087566846549
vn 0.31127386637354015 0.9207575186209679 0.23518965116651233
vn 0.31124952289590896 0.9207687056039562 0.2351780714213894
vn 0.31124620442289064 0.9207588885733374 -0.2352208947894224
vn 0.1137086262316623 -0.959210995734472 0.25881385971889365
vn 0.0832435367444231 -0.7021878842166653 0.7071086824877791
vn -0.11371168266911864 0.9592019527113216 -0.25884602979251103
vn -0.1137041666934075 0.9592019040797611 0.2588495116594172
vn -0.11371046874635123 0.9592033211586986 0.25884149198999684
vn 0.5178934446686109 -0.8224713083681685 -0.23521761600788665
vn 0.3868960916043189 0.28269693339541224 -0.8777208315575815
vn 0.03046941113663925 -0.2570264197960818 -0.9659239279114039
vn 0.33893788494234417 0.6872213073609698 -0.6425324776693314
vn 0.3112497661028439 0.9207694250824402 -0.23517493262309636
vn 0.3112582704839094 0.9207579303385561 0.2352086792064105
vn 0.5178633799188135 -0.8224839343043557 0.2352396598158798
vn 0.31125088645914045 0.9207727394297437 -0.23516047287213196
vn 0.4422619777905995 -0.18443066804351022 0.8777184467047345
vn 0.3868993993069115 0.2826884112268707 -0.8777221183119284
vn 0.38693047873136693 0.28271381772599796 0.8777002346447826
vn 0.4902175400255751 -0.588918885409431 -0.6425428467109313
vn 0.4422993088912821 -0.18440756303669043 0.8777044901612179
vn 0.9930460734268096 0.1177263588325113 0.00002208245051496576
vn 0.3389378849423456 0.6872213073609643 -0.6425324776693365
vn 0.3112503703562014 0.9207712126436759 0.2351671340128597
vn 0.49018850411747145 -0.5889604879534197 0.6425268664116276
vn 0.4422593594258156 -0.184415306546355 -0.8777229937239204
vn 0.08323994214717267 -0.7021881992840205 -0.7071087927735026
vn 0.9930458999504534 0.11772782318238503 -0.000015502613129891454
vn 0.9930460292748939 0.11772672567883635 -0.00004245358471972623
vn 0.9930466639214791 0.11772137721834536 -0.000024904558176104893
vn -0.11370404420062367 0.9591987099613124 0.258861401411985
vn 0.38689602369889525 0.2826609050224342 0.8777324647168309
vn 0.5179110688841244 -0.8224645462748584 -0.23520245502161563
vn 0.490217580594039 -0.5889166882964536 0.6425448295041091
vn 0.3868886529599802 0.2827132383248921 0.8777188587962917
vn 0.51790796275732 -0.8224596136149358 -0.23522654205028257
vn 0.4422617480172444 -0.1844147312473578 -0.8777219110513855
vn -0.030468743219136733 0.2570160203821517 0.9659267161402918
vn 0.38688865295998 0.2827132383248921 -0.8777188587962921
vn 0.4901908167716895 -0.5889312093014294 -0.6425519386504565
vn 0.44229038079026034 -0.1844195140265272 0.8777064782184453
vn 0.4422757623597547 -0.18435691366651097 -0.8777269953763851
vn 0.11772763511913051 -0.993045922366764 -2.6140786228785575e-17
vn 0.9122236698142973 -0.40969253865616856 -2.0255434436717784e-16
vn 2.220446049250313e-16 0 1
vn 0.11771717456798529 -0.993047162430733 -2.6138463519839237e-17
vn -0.6537792873287186 -0.7566853001479236 1.4516816356307385e-16
vn -0.9930475225210885 -0.11771413685164668 2.2050084480997623e-16
vn 0.9930481458062018 0.11770887864075748 -2.2050098320707297e-16
vn -0.902753518998518 0.430158208030246 2.0045154847070767e-16
vn -0.11771621208225348 0.9930472765246405 2.6138249805075172e-17
vn 2.220446049250313e-16 0 1
vn -2.220446049250313e-16 0 -1
vn -2.220446049250313e-16 0 -1
vn 0.9930458625515067 0.11772813966649595 -2.2050047622268625e-16
vn -0.11770936926825444 0.9930480876505778 2.613673039514418e-17
vn -0.9930459407372204 -0.1177274801621483 2.2050049358340216e-16
vn 0.6425848792949832 0.7662145084122669 -1.4268250565385348e-16
vn 0.9924245875120944 0.12285535438656976 -2.2036252545201016e-16
vn -0.36041927372557997 0.26054547274751994 0.8956640015976397
vn -0.42930474196803564 0.1335777519891357 -0.8932269715460271
vn -0.448346894671924 0.23233778300026764 -0.8631362677054901
vn -0.34074308070250664 0.1459734806759375 -0.9287550246931193
vn -0.20749075528790784 0.1335259484709481 0.9690812182448836
vn -0.2911407520430495 0.2731916514980024 0.9168442528868257
vn 0.840315575815543 -0.5420975309312825 -1.8658754004431243e-16
vn -0.5209343267467331 0.15102085729398057 -0.8401310182817434
vn -0.6040762346334134 -0.04644640017955531 0.7955718915732746
vn -0.28519574373994316 0.1533375063430587 0.9461241973975262
vn 0.9956154120432191 0.09354117436728604 -2.2107103082440885e-16
vn -0.5585812725102756 0.061108604969867454 -0.8271956844661594
vn 0.9233828393382161 -0.38388036159159555 -2.0503217775540785e-16
vn 0.9607884066616131 -0.2772825952429014 -2.133378821737282e-16
vn 0.9052459531891457 -0.42488794315051476 -2.0100498003586724e-16
vn -0.14707261693362705 0.25245471507381895 -0.9563661757848254
vn -0.611451539957613 -0.06661270934199273 -0.7884730567607132
vn -0.5627815303590346 0.05290823998053925 0.8249107025787122
vn 0.9807855099573368 -0.19508916796615527 -2.1777813107467221e-16
vn -0.6114606571826342 -0.06661495168681163 0.788465796930688
vn 0.9922205827116779 -0.12449222965028138 -2.2031722728669887e-16
vn 0.8742868497737052 0.48540962527824955 -1.9413067814915257e-16
vn 0.9924245875120944 0.12285535438656975 -2.2036252545201016e-16
vn 0.999150774532655 0.041203516243107266 -2.218560389916424e-16
vn -0.5956841926873032 0.020850023222220886 -0.8029480799616553
vn 0.9956154120432191 0.09354117436728605 -2.2107103082440885e-16
vn 0.9981169150633568 -0.06134023039089504 -2.2162647607423408e-16
vn -0.5956557805626339 -0.034004770040068556 -0.8025196986347698
vn -0.5583072509045932 0.052496178143922344 0.8279717174322063
vn 0.840315575815543 -0.5420975309312824 -1.8658754004431243e-16
vn -0.595684277773058 0.02084464776667436 0.8029481564045549
vn 0.9233828393382162 -0.38388036159159566 -2.0503217775540787e-16
vn 0.9807855099573368 -0.19508916796615522 -2.1777813107467221e-16
vn 0.9981169150633566 -0.06134023039089503 -2.2162647607423406e-16
vn 0.999150774532655 0.041203516243107266 -2.218560389916424e-16
vn 0.9052459531891458 -0.4248879431505148 -2.0100498003586726e-16
vn 0.9607884066616132 -0.27728259524290144 -2.1333788217372823e-16
vn 0.9922205827116779 -0.12449222965028138 -2.2031722728669887e-16
vn 0.9979799357556893 0.06352989712781111 -2.2159606055798016e-16
vn 0.9979799357556893 0.06352989712781111 -2.2159606055798016e-16
vn -0.20749075528790822 0.13352594847094806 -0.9690812182448834
vn -0.44834689467192357 0.2323377830002676 0.8631362677054902
vn 0.11772195936598918 -0.9930465952225166 -2.6139525958421658e-17
vn -0.019096364179051098 0.1322056830535026 0.9910383374236831
vn -2.220446049250313e-16 0 -1
vn -0.1311906368314848 0.3577916556962496 -0.9245399655622715
vn 0.45889606781093933 0.8884899543313126 -1.018953960787304e-16
vn -0.8594808988868007 0.5111678632785293 1.9084309663393044e-16
vn -0.11774695699500723 0.9930436315280492 2.6145076547081032e-17
vn -0.34332502345340593 0.5564075605677621 -0.7566627748302085
vn -0.1177513907659889 0.9930431057978679 2.6146061042006984e-17
vn -0.11770004808110118 0.9930491924782512 2.61346606758253e-17
vn 0.8093678112655405 0.58730209099511 -1.7971575589149424e-16
vn 0.019096364179051535 -0.1322056830535026 0.9910383374236831
vn 0.9990157888504136 -0.044355987505477194 -2.218260661491586e-16
vn -0.34834581089869193 0.3762449973725511 0.8585423099541815
vn 0.11772193131989866 -0.9930465985472752 -2.613951973093857e-17
vn -0.9876213520344812 -0.15685682964277747 2.1929599292802164e-16
vn -0.117722382478504 0.993046545064019 2.613961990827285e-17
vn 0.21115496382918866 0.615007853613377 0.759722923995427
vn -0.9930485622590152 -0.11770536519336364 2.2050107567817338e-16
vn 0.73026373009531 0.6831653419980293 -1.621511214400928e-16
vn -0.9148108751505042 0.40388248625852624 2.0312881935391584e-16
vn -0.026764127223239457 0.5273424802246695 0.8492311758552394
vn 0.25285191995625245 0.4394400994562419 -0.86195029181753
vn 2.220446049250313e-16 0 1
vn 0.9930439477536829 0.11774429000924409 -2.2050005105215995e-16
vn -0.11774660694545941 0.9930436730339868 2.6144998820467482e-17
vn -0.34834581089869243 0.3762449973725511 -0.8585423099541812
vn -0.11764749172442088 0.9930554202515348 2.6122990820369924e-17
vn -0.13119063683148435 0.3577916556962496 0.9245399655622715
vn 0.04428856194590215 0.3761464977153261 0.9255011267077194
vn 0.04428856194590175 0.3761464977153261 -0.9255011267077194
vn -0.09766571170741062 0.5197608180167452 0.8487108464083918
vn -0.026764127223239825 0.5273424802246695 -0.8492311758552394
vn -0.34332502345340554 0.5564075605677621 0.7566627748302086
vn 0.21115496382918839 0.615007853613377 -0.759722923995427
vn 0.2528519199562529 0.439440099456242 0.86195029181753
vn 0.5222625162079081 0.8527847701291252 -1.159655740785377e-16
vn -0.1176946147439033 0.9930498364434105 2.6133454232613774e-17
vn -0.097665711707411 0.5197608180167452 -0.8487108464083918
vn -0.11770648395138408 0.9930484296527551 2.6136089726099617e-17
vn -0.44736543801766293 -0.8943512536287209 9.933508194174555e-17
vn -0.11774235383292066 0.9930441773223806 2.6144054439774113e-17
vn -0.802806034685465 0.5962402793107826 1.7825874880316505e-16
vn 0.44226144749776497 -0.18443166201823466 -0.8777185050472467
vn 0.49021182174195543 -0.5889186052907582 -0.6425474660807726
vn 0.311264623794443 0.9207559160942008 -0.2352081566434999
vn 0.3869166803193744 0.2826926272726364 0.8777131427615342
vn 0.49020452809473863 -0.5889049037720127 0.6425655880520612
vn 0.49018039532352103 -0.5888932085697437 0.6425947159298068
vn 0.3389522580969453 0.6872348818066883 0.6425103765380985
vn 0.3389397630874642 0.6871950571219012 0.6425595618037605
vn 0.5178954144815641 -0.8224851188337923 0.2351649824185813
vn 0.33894023006089924 0.6872097900218629 -0.6425435587914425
vn 0.9930460292750879 0.11772672567885933 0.000042448979809461915
vn 0.030469514233097367 -0.25703177975587255 -0.9659224983910086
vn 0.3389267625813124 0.6872253377194678 0.6425340339643606
vn 0.44224223850059885 -0.1843805631709631 0.8777389192753947
vn 0.338933341296123 0.6872387744610473 0.6425161920411995
vn 0.44226151820550463 -0.18439879989621213 -0.8777253739703545
vn 0.3389260437161156 0.6872026529481606 0.6425586748865444
vn 0.31125163324853683 0.9207749486549961 0.23515083399704897
vn 0.5179087170921981 -0.8224608115304283 -0.23522069266249285
vn 0.49024181535283595 -0.5889130789763002 -0.6425296474795618
vn 0.33893738560611286 0.6872232270124755 0.6425306878998488
vn 0.38689049428605266 0.2826926375910754 0.8777246823935708
vn 0.9930460734795791 0.11772635883876718 -0.00001952834558120633
vn 0.3389442949660773 0.6872218541278725 -0.6425285115222499
vn 0.44226764417423 -0.18442498979612115 -0.8777167846493978
vn 0.49022505392326793 -0.5889436330894962 -0.6425144306155887
vn 0.08324366793597358 -0.7022037196651252 0.7070929414419491
vn -0.11371097651355609 0.9592111869046311 -0.25881211860603126
vn 0.5178944380757958 -0.8224850240026867 0.23516746437688932
vn 0.33896350633330247 0.6872326470936091 -0.6425068327597336
vn 0.5178978263465981 -0.8224687076854044 0.23521706218676017
vn 0.5178883179809549 -0.8224712735469971 0.2352290251836237
vn 0.5179168612133461 -0.8224737447371575 -0.23515753036837397
vn 0.9930483563362239 0.11770709898300566 -0.000028756379174531648
vn 0.38689042475107777 0.2826985197170658 0.8777228185399479
vn 0.31127303295558706 0.9207550533454358 0.2352004053854364
vn 0.3112733652113895 0.9207604426669852 -0.23517886667316584
vn 0.4901946960695947 -0.5889576326498418 -0.642524759747616
vn 0.9930460734795873 0.11772635883876817 0.000019527921917322175
vn 0.9930460734268096 0.1177263588325113 0.000022082450515031757
vn 0.3868905442000624 0.2826884144731181 -0.8777260205390144
vn 0.31123911453169706 0.9207751564810936 -0.2351665894482945
vn 0.5179250693601409 -0.8224486758509761 -0.23522712028860338
vn 0.3389442949660775 0.6872218541278795 -0.6425285115222422
vn 0.9930460734268409 0.117726358832515 -0.00002208101335488278
vn 0.9930460734268409 0.117726358832515 -0.00002208101335488278
vn 0.08324164504482082 -0.7021851786884259 -0.7071115918725527
vn -0.08324498152395297 0.7022035639340581 0.7070929414506866
vn 0.11371169134845377 -0.9592111021695499 0.25881211858286596
vn 0.030469644702071943 -0.25702733165393576 0.9659236779034809
vn -0.0832343426400351 0.7021730117394807 -0.707124533438056
vn 0.03046894613928785 -0.2570208983465438 -0.9659254117861777
vn -0.0832395943411678 0.702198045421006 -0.7070990559609288
vn 0.030470541337392222 -0.25703118822792625 0.9659226233962774
vn 0.030468963955340447 -0.25702741234517723 0.9659236779055738
vn 0.4902085210126295 -0.5889346536606314 0.6425352750193896
vn 0.4422929374565992 -0.18441198149797236 0.8777067725362523
vn 0.49019897115405126 -0.5888846422442005 0.6425883961047146
vn 0.517878488651268 -0.8224801850763859 0.2352195063105795
vn -0.030469484896592954 0.25702594127796247 -0.965924052915297
vn 0.11370729887717448 -0.9591997336444353 -0.2588561785210105
vn 0.08324180812674542 -0.7022039401507497 0.7070929414274708
vn 0.11370482210034746 -0.9591986177462578 -0.25886140141936365
vn -0.030472013024296526 0.2570375303440247 -0.9659208893159377
vn -0.11370901296344534 0.9592100103501714 -0.2588173417970734
vn -0.11370938793560488 0.9592131734859667 0.2588054537800376
vn -0.03046931738262278 0.2570303937560343 0.9659228734137395
vn 0.9930449874140668 0.11773552051759494 0.000013425606884487962
vn 0.030469514233097756 -0.2570317797558722 0.9659224983910086
vn -0.03046997729655796 0.2570317248736798 0.9659224983879444
vn -0.08324202779022406 0.702205793168649 0.7070910753571708
vn 0.11370745741371877 -0.9592022686726968 -0.2588467150683182
vn -0.030469977296558422 0.25703172487368003 -0.9659224983879442
vn 0.11370931672956243 -0.959201293565976 0.2588495117056515
vn -0.11370702382103567 0.9592102461575561 0.2588173417685203
vn 0.08324290621033188 -0.702190666628932 -0.707105993656449
vn 0.08324489152883434 -0.7022026350392128 0.7070938745162052
vn -0.08324090844284762 0.7022040468099144 0.7070929414195768
vn 0.03047022681276103 -0.2570298161374399 -0.9659229984291362
vn -0.08324247489517755 0.7021669408489952 -0.7071296044941758
vn 0.11371156885126679 -0.9592143241495905 -0.2588002307874316
vn -0.08324311547324467 0.7021878230757616 -0.7071087927967175
vn 0.08324168356706226 -0.7021898719700732 -0.7071069267229485
vn 0.11370917901892436 -0.9592131982526532 -0.2588054537770771
vn -0.11370441928407046 0.9592018741368762 -0.2588495116618471
vn -0.08324372711595374 0.7022027730981967 0.7070938744954924
vn 0.11370767395622165 -0.9592028976956933 0.2588442889763094
vn -0.11370212013738881 0.959202146682576 0.25884951163910075
vn -0.030470540043541435 0.25703911444561794 0.9659205142424854
vn 0.11371368511262116 -0.959214073290334 0.2588002307183543
vn -0.08324225479016557 0.7022029476635708 0.7070938744679109
vn 0.08323756614220526 -0.7021647040538701 -0.7071324034179619
vn 0.030471303162064367 -0.257037614523365 -0.9659208893091317
vn -0.08324399745820095 0.7022106666806225 0.7070860036000817
vn -0.11370379161079416 0.9591987399040987 -0.25886140140955494
vn 0.03047016784349934 -0.25703170229007555 -0.9659224983866226
vn -0.08323982687564109 0.7021634964969814 -0.7071333363721775
vn -0.030469983218080282 0.25702776130875415 -0.9659235528960354
vn 0.1137095340063774 -0.9592012678082078 0.2588495117074385
vn 0.11371176460772234 -0.9591977947298228 -0.2588614014781706
vn -0.11371020832516117 0.9592184477507065 -0.2587855444521075
vn 0.03047022681276143 -0.25702981613743964 0.9659229984291363
vn -0.03046997941842343 0.25702729197881535 0.9659236779022854
vn 0.08324351107734104 -0.7022009196120673 0.7070957405892668
vn 0.08324049863110912 -0.7021881333115436 -0.7071087927780946
vn 0.08323944582287285 -0.7021832623279873 0.7071137537663413
vn -0.030467082327957227 0.25701621721853507 -0.9659267161545415
vn 0.030468946139288234 -0.25702089834654335 0.9659254117861777
vn -0.08324230044666313 0.7021907384240287 -0.7071059936727059
vn -0.030470141895143455 0.25702774250263266 -0.9659235528947879
vn -0.0304695980609025 0.257026397633532 0.9659239279123055
vn 0.3868603070291113 0.2827145923520759 -0.877730916691751
vn 0.3868905442000625 0.2826884144731141 -0.8777260205390156
vn 0.44229231418504966 -0.18440924773488107 0.8777076609912259
vn 0.31126725527201726 0.9207616165186797 0.23518235763197212
vn 0.31123911453169717 0.9207751564810936 0.2351665894482943
vn 0.3112626160446965 0.9207487155877421 -0.23523899888525104
vn 0.11370880404745377 -0.9592100351167763 0.2588173417941129
vn 0.08324236462315654 -0.7022038741767939 0.707092941432063
vn -0.11371084379329331 0.9592064848627646 -0.25882960302298547
vn -0.11371139914446524 0.9592129350586974 0.2588054538078507
vn -0.11371130757180298 0.9591987886206224 0.25885791940568825
vn 0.5179205702234038 -0.8224655719545906 -0.23517794515828322
vn 0.38689560683679325 0.2826961889560915 -0.8777212850102769
vn 0.030469644702071554 -0.2570273316539361 -0.9659236779034808
vn 0.33895413462918056 0.6872346429971324 -0.6425096420151118
vn 0.3112474052127799 0.9207693599097301 -0.23517831234987968
vn 0.311245763790429 0.920757585051399 0.23522658032804905
vn 0.5179148757691533 -0.8224730464986741 0.2351643451720781
vn 0.31124587595508474 0.9207726012958821 -0.23516764531662618
vn 0.4422614474977655 -0.18443166201823433 0.8777185050472464
vn 0.38689042475107716 0.2826985197170661 -0.8777228185399482
vn 0.38693096718626757 0.28271456785900523 0.8776997776874481
vn 0.4902280439311725 -0.5889239753050434 -0.6425301675830648
vn 0.44231301600301876 -0.18442052924817778 0.8776948582885371
vn 0.9930481567478513 0.11770877811159444 -0.00004399057334198226
vn 0.33892633451101245 0.6872118280248499 -0.6425487088133267
vn 0.3112370932613434 0.9207794410646609 0.23515248816646708
vn 0.49020422525271035 -0.5889343571042027 0.6425388241706874
vn 0.4422582097709763 -0.18441746163848086 -0.8777231201996394
vn 0.08324003084442147 -0.7021872492175747 -0.7071097257860872
vn 0.9930458990349423 0.11772782307384913 0.00004565277401190213
vn 0.9930482695717734 0.11770783102577159 0.00002856072827423484
vn 0.993048356336206 0.11770709898300354 0.000028757003051464703
vn -0.11371029256910656 0.9592112679775494 0.2588121186280702
vn 0.38691947828988493 0.28269692414271164 0.8777105254012472
vn 0.5178954015961572 -0.8224803850659069 -0.23518156642771323
vn 0.4902255832400952 -0.5889205656539153 0.6425351701555186
vn 0.3868912761684909 0.28271028358885575 0.8777186542268687
vn 0.5178760639638103 -0.8224918622235938 -0.2351840108283646
vn 0.44225883311035563 -0.18442019551733596 -0.8777222317004476
vn -0.030468472012845683 0.25702794041373384 0.9659235529066866
vn 0.38689127616849034 0.28271028358885597 -0.8777186542268688
vn 0.490218151018776 -0.588885769939641 -0.642572730805104
vn 0.44223261876058323 -0.18436487264119691 0.877747061880672
vn 0.44224128804783563 -0.1844215370050934 -0.8777307900686124
vn 0.11772763511913051 -0.993045922366764 -2.6140786228785575e-17
vn 0.9122236698142973 -0.40969253865616856 -2.0255434436717784e-16
vn 2.220446049250313e-16 0 1
vn 0.11771717456798529 -0.993047162430733 -2.6138463519839237e-17
vn -0.6537792873287186 -0.7566853001479236 1.4516816356307385e-16
vn -0.9930475225210885 -0.11771413685164668 2.2050084480997623e-16
vn 0.9930481458062018 0.11770887864075748 -2.2050098320707297e-16
vn -0.902753518998518 0.430158208030246 2.0045154847070767e-16
vn -0.11771621208225348 0.9930472765246405 2.6138249805075172e-17
vn 2.220446049250313e-16 0 1
vn 2.220446049250313e-16 0 1
vn 2.220446049250313e-16 0 1
vn 2.220446049250313e-16 0 1
vn 2.220446049250313e-16 0 1
vn 2.220446049250313e-16 0 1
vn 2.220446049250313e-16 0 1
vn 2.220446049250313e-16 0 1
vn 2.220446049250313e-16 0 1
vn -2.220446049250313e-16 0 -1
vn -2.220446049250313e-16 0 -1
vn -2.220446049250313e-16 0 -1
vn -2.220446049250313e-16 0 -1
vn -2.220446049250313e-16 0 -1
vn -2.220446049250313e-16 0 -1
vn -2.220446049250313e-16 0 -1
vn -2.220446049250313e-16 0 -1
vn -2.220446049250313e-16 0 -1
vn -2.220446049250313e-16 0 -1
vn 0.9930458625515067 0.11772813966649595 -2.2050047622268625e-16
vn -0.11770936926825444 0.9930480876505778 2.613673039514418e-17
vn -0.9930459407372204 -0.1177274801621483 2.2050049358340216e-16
vn 0.6425848792949832 0.7662145084122669 -1.4268250565385348e-16
vn 0.9924245875120943 0.12285535438656973 -2.2036252545201013e-16
vn -0.4293047419680353 0.13357775198913574 0.8932269715460276
vn -0.36041927372558047 0.26054547274752 -0.8956640015976397
vn -0.5198802271397658 0.10133937178352406 -0.8482068622427116
vn -0.2911328143793352 0.27321055652508647 -0.9168411401081542
vn -0.3407430807025062 0.1459734806759375 0.9287550246931195
vn 0.8403155758155428 -0.5420975309312824 -1.865875400443124e-16
vn -0.5583072509045937 0.052496178143922344 -0.8279717174322061
vn -0.5956557805626335 -0.034004770040068556 0.80251969863477
vn -0.14706302953342237 0.2524728314712258 0.9563628676989472
vn 0.9956154120432191 0.09354117436728605 -2.2107103082440885e-16
vn -0.5627767678837294 0.052907792250518296 -0.8249139803940281
vn 0.9233828393382161 -0.3838803615915956 -2.0503217775540785e-16
vn 0.9607884066616132 -0.27728259524290144 -2.1333788217372823e-16
vn 0.9052459531891457 -0.4248879431505148 -2.0100498003586724e-16
vn -0.285186567739029 0.15333257280134457 -0.94612776288372
vn -0.6252807297486496 -0.0826955917827457 -0.7760060876724472
vn -0.6616227236471941 -0.07914089833484739 -0.7456487710473491
vn -0.6007640346351772 -0.05434094718802551 -0.7975773543347203
vn -0.5585815436967627 0.061117830606332774 0.8271948197512587
vn 0.9807855099573368 -0.19508916796615522 -2.1777813107467221e-16
vn -0.661622723647194 -0.0791408983348474 0.7456487710473493
vn -0.6252807297486493 -0.08269559178274573 0.7760060876724475
vn -0.6007664170676053 -0.05433530972950114 0.7975759438701442
vn 0.992220582711678 -0.12449222965028141 -2.203172272866989e-16
vn 0.8742868497737052 0.4854096252782495 -1.9413067814915257e-16
vn 0.8742868497737053 0.48540962527824955 -1.941306781491526e-16
vn 0.9924245875120943 0.12285535438656975 -2.2036252545201013e-16
vn 0.999150774532655 0.041203516243107266 -2.218560389916424e-16
vn -0.5686151848503573 -0.01041808802308862 -0.8225376799876934
vn 0.9956154120432191 0.09354117436728604 -2.2107103082440885e-16
vn 0.9981169150633566 -0.061340230390895034 -2.2162647607423406e-16
vn -0.6040762346334138 -0.0464464001795553 -0.7955718915732741
vn -0.5209343267467328 0.1510208572939806 0.8401310182817439
vn 0.8403155758155428 -0.5420975309312823 -1.865875400443124e-16
vn -0.5686199690497682 -0.010418175678522271 0.8225343715695852
vn 0.9233828393382163 -0.3838803615915956 -2.050321777554079e-16
vn 0.9807855099573368 -0.19508916796615527 -2.1777813107467221e-16
vn 0.9981169150633566 -0.061340230390895034 -2.2162647607423406e-16
vn 0.9991507745326549 0.04120351624310726 -2.2185603899164239e-16
vn 0.9052459531891457 -0.42488794315051476 -2.0100498003586724e-16
vn 0.9607884066616132 -0.27728259524290144 -2.1333788217372823e-16
vn 0.9922205827116779 -0.1244922296502814 -2.2031722728669887e-16
vn 0.9979799357556894 0.06352989712781111 -2.215960605579802e-16
vn 0.9979799357556893 0.06352989712781111 -2.2159606055798016e-16
vn -0.5198802271397653 0.10133937178352403 0.8482068622427118
vn 2.220446049250313e-16 0 1
vn -0.14985167414598993 0.09901306548685745 0.983738221590754
vn -0.14293916970967294 0.09444569406220145 0.9852149027678269
vn -0.1564910981933037 0.07305400936156203 0.9849739326004799
vn -2.220446049250313e-16 0 -1
vn -0.1260258364206867 0.36056740759268247 -0.924179978757579
vn 0.45889606781093933 0.8884899543313126 -1.018953960787304e-16
vn -0.8594808988868007 0.5111678632785293 1.9084309663393044e-16
vn -0.11774695699500723 0.9930436315280492 2.6145076547081032e-17
vn -0.3842468661412429 0.541115660790768 -0.7480295365208545
vn -0.11775139076598891 0.9930431057978679 2.6146061042006987e-17
vn -0.11770004808110116 0.9930491924782511 2.6134660675825295e-17
vn 0.8093678112655405 0.58730209099511 -1.7971575589149424e-16
vn 2.220446049250313e-16 0 1
vn 0.14985167414599038 -0.09901306548685745 0.983738221590754
vn 0.14293916970967338 -0.09444569406220145 0.9852149027678269
vn 0.15649109819330412 -0.07305400936156202 0.9849739326004797
vn 0.9990157888504136 -0.04435598750547719 -2.218260661491586e-16
vn -0.3314719216954637 0.38267937757465514 0.862370488309167
vn 0.11772193131989866 -0.9930465985472752 -2.613951973093857e-17
vn -0.9876213520344813 -0.1568568296427775 2.1929599292802167e-16
vn -0.117722382478504 0.993046545064019 2.613961990827285e-17
vn 0.24974651663708058 0.6094378583284231 0.7524707132265744
vn -0.9930485622590152 -0.11770536519336364 2.2050107567817338e-16
vn 0.73026373009531 0.6831653419980293 -1.621511214400928e-16
vn -0.9148108751505042 0.4038824862585262 2.0312881935391584e-16
vn -0.020204811947419004 0.5221719551569648 0.8526008531673671
vn 0.23477480757654448 0.44223310576562724 -0.865627327371476
vn 2.220446049250313e-16 0 1
vn 0.9930439477536829 0.11774429000924409 -2.2050005105215995e-16
vn -0.11774660694545941 0.9930436730339868 2.6144998820467482e-17
vn -0.3314719216954641 0.3826793775746553 -0.8623704883091668
vn -0.11764749172442089 0.9930554202515348 2.6122990820369927e-17
vn -0.12602583642068632 0.36056740759268247 0.924179978757579
vn 0.0385650146905472 0.37779742701300895 0.9250847765390305
vn 0.03856501469054677 0.37779742701300906 -0.9250847765390308
vn -0.10255543465418707 0.5137565722486849 0.8517843431844545
vn -0.02020481194741933 0.5221719551569648 -0.8526008531673672
vn -0.3842468661412425 0.5411156607907679 0.7480295365208547
vn 0.24974651663708022 0.6094378583284231 -0.7524707132265744
vn 0.23477480757654481 0.44223310576562713 0.8656273273714757
vn 0.5222625162079081 0.8527847701291252 -1.159655740785377e-16
vn -0.11769461474390334 0.9930498364434106 2.6133454232613783e-17
vn -0.10255543465418743 0.5137565722486848 -0.8517843431844546
vn -0.11770648395138407 0.993048429652755 2.6136089726099614e-17
vn -0.4473654380176628 -0.8943512536287209 9.933508194174552e-17
vn -0.11774235383292064 0.9930441773223805 2.614405443977411e-17
vn -0.802806034685465 0.5962402793107826 1.7825874880316505e-16
usemtl none
f 1/1/1 2/2/1 3/3/1
f 4/4/2 5/5/2 6/6/2
f 7/7/3 8/8/3 9/9/3
f 10/10/4 11/11/4 12/12/4
f 13/13/5 14/14/5 15/15/5
f 16/16/6 17/17/6 18/18/6
f 19/19/7 20/20/7 21/21/7
f 22/22/8 23/23/8 24/24/8
f 25/25/9 26/26/9 27/27/9
f 28/28/10 29/29/10 30/30/10
f 31/31/11 32/32/11 33/33/11
f 34/34/12 35/35/12 36/36/12
f 37/37/13 38/38/13 39/39/13
f 40/40/14 41/41/14 42/42/14
f 43/43/15 44/44/15 45/45/15
f 34/46/16 46/47/16 47/48/16
f 12/49/17 48/50/17 10/51/17
f 49/52/18 50/53/18 48/54/18
f 51/55/19 52/56/19 53/57/19
f 1/58/20 54/59/20 55/60/20
f 56/61/21 57/62/21 58/63/21
f 59/64/22 42/65/22 41/66/22
f 44/67/23 25/68/23 9/69/23
f 7/70/24 60/71/24 61/72/24
f 61/73/25 60/74/25 47/75/25
f 61/76/26 47/77/26 46/78/26
f 62/79/27 44/80/27 59/81/27
f 62/82/28 59/83/28 63/84/28
f 63/85/29 59/86/29 41/87/29
f 64/88/30 65/89/30 66/90/30
f 67/91/31 68/92/31 69/93/31
f 69/94/32 70/95/32 67/96/32
f 13/97/33 71/98/33 72/99/33
f 73/100/34 74/101/34 75/102/34
f 76/103/35 77/104/35 1/105/35
f 76/106/36 1/107/36 3/108/36
f 20/109/37 78/110/37 79/111/37
f 78/112/38 20/113/38 80/114/38
f 78/115/39 80/116/39 81/117/39
f 81/118/40 80/119/40 82/120/40
f 83/121/41 84/122/41 85/123/41
f 86/124/42 76/125/42 87/126/42
f 31/127/43 52/128/43 88/129/43
f 89/130/44 90/131/44 91/132/44
f 60/133/45 27/134/45 92/135/45
f 91/136/46 93/137/46 94/138/46
f 93/139/47 95/140/47 65/141/47
f 65/142/48 95/143/48 69/144/48
f 65/145/49 69/146/49 68/147/49
f 89/148/50 57/149/50 96/150/50
f 89/151/51 96/152/51 97/153/51
f 97/154/52 96/155/52 98/156/52
f 96/157/53 99/158/53 98/159/53
f 44/160/54 8/161/54 45/162/54
f 100/163/55 101/164/55 79/165/55
f 34/166/56 60/167/56 92/168/56
f 25/169/57 7/170/57 9/171/57
f 102/172/58 51/173/58 103/174/58
f 103/175/59 51/176/59 104/177/59
f 103/178/60 104/179/60 105/180/60
f 33/181/61 14/182/61 31/183/61
f 14/184/62 33/185/62 37/186/62
f 14/187/63 37/188/63 106/189/63
f 107/190/64 108/191/64 109/192/64
f 110/193/65 108/194/65 111/195/65
f 108/196/66 110/197/66 112/198/66
f 112/199/67 110/200/67 113/201/67
f 49/202/68 17/203/68 114/204/68
f 17/205/69 49/206/69 12/207/69
f 17/208/70 12/209/70 11/210/70
f 115/211/71 113/212/71 116/213/71
f 109/214/72 117/215/72 50/216/72
f 54/217/73 118/218/73 119/219/73
f 120/220/74 103/221/74 121/222/74
f 122/223/75 83/224/75 123/225/75
f 49/226/76 107/227/76 109/228/76
f 124/229/77 29/230/77 5/231/77
f 29/232/78 124/233/78 30/234/78
f 30/235/79 124/236/79 125/237/79
f 122/238/80 126/239/80 127/240/80
f 126/241/81 122/242/81 22/243/81
f 126/244/82 22/245/82 128/246/82
f 55/247/83 129/248/83 130/249/83
f 45/250/84 131/251/84 43/252/84
f 132/253/85 133/254/85 134/255/85
f 71/256/86 135/257/86 136/258/86
f 137/259/87 75/260/87 28/261/87
f 138/262/88 55/263/88 130/264/88
f 115/265/89 139/266/89 117/267/89
f 18/268/90 140/269/90 141/270/90
f 142/271/91 143/272/91 144/273/91
f 40/274/92 62/275/92 63/276/92
f 145/277/93 17/278/93 11/279/93
f 84/280/94 126/281/94 146/282/94
f 114/283/95 147/284/95 107/285/95
f 148/286/96 137/287/96 28/288/96
f 149/289/97 85/290/97 150/291/97
f 84/292/98 142/293/98 151/294/98
f 152/295/99 153/296/99 154/297/99
f 138/298/100 87/299/100 2/300/100
f 50/301/101 139/302/101 155/303/101
f 50/304/102 156/305/102 48/306/102
f 143/307/103 157/308/103 144/309/103
f 78/310/104 100/311/104 79/312/104
f 158/313/105 40/314/105 42/315/105
f 135/316/106 159/317/106 136/318/106
f 157/319/107 23/320/107 160/321/107
f 52/322/108 161/323/108 53/324/108
f 162/325/109 163/326/109 164/327/109
f 52/328/110 72/329/110 165/330/110
f 166/331/111 167/332/111 168/333/111
f 70/334/112 169/335/112 67/336/112
f 170/337/113 171/338/113 172/339/113
f 56/340/114 166/341/114 173/342/114
f 169/343/115 174/344/115 67/345/115
f 87/346/116 175/347/116 86/348/116
f 129/349/117 119/350/117 132/351/117
f 176/352/118 177/353/118 178/354/118
f 53/355/119 179/356/119 180/357/119
f 181/358/120 27/359/120 182/360/120
f 175/361/121 101/362/121 86/363/121
f 39/364/122 183/365/122 159/366/122
f 85/367/123 151/368/123 150/369/123
f 160/370/124 74/371/124 184/372/124
f 131/373/125 42/374/125 43/375/125
f 16/376/126 153/377/126 147/378/126
f 10/379/127 156/380/127 185/381/127
f 92/382/128 186/383/128 34/384/128
f 187/385/129 116/386/129 188/387/129
f 19/388/130 189/389/130 190/390/130
f 191/391/131 192/392/131 120/393/131
f 193/394/132 148/395/132 4/396/132
f 66/397/133 194/398/133 64/399/133
f 174/400/134 195/401/134 66/402/134
f 172/403/135 90/404/135 170/405/135
f 90/406/136 196/407/136 70/408/136
f 194/409/137 167/410/137 64/411/137
f 99/412/138 171/413/138 197/414/138
f 99/415/139 173/416/139 198/417/139
f 134/418/140 199/419/140 200/420/140
f 187/421/141 152/422/141 154/423/141
f 26/424/142 201/425/142 202/426/142
f 203/427/143 115/428/143 116/429/143
f 199/430/144 204/431/144 200/432/144
f 162/433/145 120/434/145 121/435/145
f 176/436/146 36/437/146 35/438/146
f 204/439/147 19/440/147 190/441/147
f 148/442/148 30/443/148 125/444/148
f 178/445/149 46/446/149 36/447/149
f 135/448/150 14/449/150 106/450/150
f 21/451/151 79/452/151 101/453/151
f 58/454/152 94/455/152 167/456/152
f 123/457/153 75/458/153 74/459/153
f 27/460/154 202/461/154 182/462/154
f 16/463/155 141/464/155 205/465/155
f 206/466/156 177/467/156 207/468/156
f 183/469/157 192/470/157 208/471/157
f 206/472/158 45/473/158 8/474/158
f 95/475/159 90/476/159 70/477/159
f 121/478/160 105/479/160 163/480/160
f 163/481/161 179/482/161 164/483/161
f 177/484/162 61/485/162 178/486/162
f 102/487/163 192/488/163 32/489/163
f 122/490/164 74/491/164 23/492/164
f 78/493/165 119/494/165 118/495/165
f 93/496/166 167/497/166 94/498/166
f 209/499/167 81/500/167 82/501/167
f 174/502/168 65/503/168 68/504/168
f 24/505/169 128/506/169 22/507/169
f 104/508/170 53/509/170 180/510/170
f 146/511/171 128/512/171 143/513/171
f 29/514/172 83/515/172 5/516/172
f 117/517/173 112/518/173 115/519/173
f 38/520/174 32/521/174 192/522/174
f 197/523/175 89/524/175 97/525/175
f 104/526/176 163/527/176 105/528/176
f 6/529/177 193/530/177 4/531/177
f 77/532/178 100/533/178 118/534/178
f 51/535/179 32/536/179 88/537/179
f 57/538/180 91/539/180 94/540/180
f 189/541/181 101/542/181 210/543/181
f 39/544/182 106/545/182 37/546/182
f 6/547/183 83/548/183 85/549/183
f 133/550/184 81/551/184 199/552/184
f 80/553/185 209/554/185 82/555/185
f 152/556/186 107/557/186 147/558/186
f 110/559/187 116/560/187 113/561/187
f 145/562/188 185/563/188 140/564/188
f 2/565/189 76/566/189 3/567/189
f 188/568/190 111/569/190 152/570/190
f 197/571/191 98/572/191 99/573/191
f 124/574/192 148/575/192 125/576/192
f 211/577/193 212/578/193 213/579/193
f 211/580/194 214/581/194 215/582/194
f 216/583/195 217/584/195 218/585/195
f 219/586/196 220/587/196 221/588/196
f 222/589/197 217/590/197 212/591/197
f 223/592/198 221/593/198 224/594/198
f 215/595/199 225/596/199 226/597/199
f 223/598/200 227/599/200 228/600/200
f 229/601/201 225/602/201 230/603/201
f 214/604/202 213/605/202 224/606/202
f 219/607/203 223/608/203 226/609/203
f 231/610/204 232/611/204 222/612/204
f 218/613/205 233/614/205 234/615/205
f 228/616/206 216/617/206 231/618/206
f 232/619/207 230/620/207 217/621/207
f 234/622/208 216/623/208 218/624/208
f 235/625/209 236/626/209 237/627/209
f 238/628/210 239/629/210 240/630/210
f 238/631/211 241/632/211 242/633/211
f 243/634/212 242/635/212 241/636/212
f 244/637/213 245/638/213 238/639/213
f 246/640/214 247/641/214 248/642/214
f 244/643/215 240/644/215 249/645/215
f 250/646/216 251/647/216 252/648/216
f 253/649/217 254/650/217 243/651/217
f 255/652/218 256/653/218 257/654/218
f 249/655/219 246/656/219 244/657/219
f 258/658/220 259/659/220 260/660/220
f 261/661/221 262/662/221 253/663/221
f 245/664/222 263/665/222 241/666/222
f 239/667/223 264/668/223 265/669/223
f 249/670/224 266/671/224 267/672/224
f 252/673/225 246/674/225 250/675/225
f 257/676/226 268/677/226 237/678/226
f 269/679/227 262/680/227 270/681/227
f 271/682/228 243/683/228 272/684/228
f 259/685/229 273/686/229 257/687/229
f 269/688/230 274/689/230 275/690/230
f 248/691/231 276/692/231 277/693/231
f 278/694/232 260/695/232 259/696/232
f 279/697/233 280/698/233 281/699/233
f 256/700/234 261/701/234 281/702/234
f 282/703/235 237/704/235 268/705/235
f 283/706/236 281/707/236 261/708/236
f 280/709/237 256/710/237 281/711/237
f 275/712/238 254/713/238 262/714/238
f 267/715/239 247/716/239 249/717/239
f 269/718/240 256/719/240 284/720/240
f 240/721/241 265/722/241 266/723/241
f 274/724/242 285/725/242 275/726/242
f 284/727/243 286/728/243 269/729/243
f 255/730/244 287/731/244 284/732/244
f 252/733/245 288/734/245 245/735/245
f 241/736/246 272/737/246 243/738/246
f 271/739/247 261/740/247 253/741/247
f 273/742/248 289/743/248 255/744/248
f 290/745/249 268/746/249 280/747/249
f 246/748/250 248/749/250 250/750/250
f 242/751/251 285/752/251 239/753/251
f 236/754/252 278/755/252 291/756/252
f 292/757/253 293/758/253 294/759/253
f 295/760/254 296/761/254 297/762/254
f 298/763/255 299/764/255 300/765/255
f 301/766/256 292/767/256 302/768/256
f 303/769/257 304/770/257 305/771/257
f 306/772/258 307/773/258 308/774/258
f 309/775/259 304/776/259 310/777/259
f 311/778/260 310/779/260 304/780/260
f 312/781/261 308/782/261 310/783/261
f 313/784/262 314/785/262 315/786/262
f 302/787/263 316/788/263 317/789/263
f 316/790/264 292/791/264 293/792/264
f 318/793/265 319/794/265 320/795/265
f 295/796/266 321/797/266 322/798/266
f 294/799/267 323/800/267 317/801/267
f 324/802/268 296/803/268 325/804/268
f 326/805/269 327/806/269 328/807/269
f 325/808/270 322/809/270 324/810/270
f 329/811/271 330/812/271 331/813/271
f 332/814/272 333/815/272 318/816/272
f 334/817/273 328/818/273 306/819/273
f 335/820/274 336/821/274 337/822/274
f 322/823/275 338/824/275 324/825/275
f 338/826/276 297/827/276 296/828/276
f 339/829/277 337/830/277 300/831/277
f 340/832/278 332/833/278 299/834/278
f 320/835/279 300/836/279 299/837/279
f 320/838/280 341/839/280 339/840/280
f 341/841/281 342/842/281 339/843/281
f 337/844/282 298/845/282 300/846/282
f 312/847/283 334/848/283 306/849/283
f 307/850/284 343/851/284 308/852/284
f 311/853/285 344/854/285 312/855/285
f 329/856/286 345/857/286 307/858/286
f 346/859/287 314/860/287 342/861/287
f 293/862/288 347/863/288 316/864/288
f 307/865/289 327/866/289 329/867/289
f 343/868/290 310/869/290 308/870/290
f 320/871/291 332/872/291 318/873/291
f 348/874/292 323/875/292 349/876/292
f 337/877/293 314/878/293 335/879/293
f 294/880/294 347/881/294 350/882/294
f 1/883/295 55/884/295 2/885/295
f 4/886/296 124/887/296 5/888/296
f 7/889/297 177/890/297 8/891/297
f 10/892/298 145/893/298 11/894/298
f 13/895/299 31/896/299 14/897/299
f 16/898/300 114/899/300 17/900/300
f 19/901/301 80/902/301 20/903/301
f 22/904/302 122/905/302 23/906/302
f 25/907/303 62/908/303 26/909/303
f 28/910/304 75/911/304 29/912/304
f 31/913/305 88/914/305 32/915/305
f 34/916/306 186/917/306 35/918/306
f 37/919/307 33/920/307 38/921/307
f 40/922/308 63/923/308 41/924/308
f 43/925/309 59/926/309 44/927/309
f 34/928/310 36/929/310 46/930/310
f 12/931/311 49/932/311 48/933/311
f 49/934/312 109/935/312 50/936/312
f 51/937/313 88/938/313 52/939/313
f 1/940/314 77/941/314 54/942/314
f 56/943/315 96/944/315 57/945/315
f 59/946/316 43/947/316 42/948/316
f 44/949/317 62/950/317 25/951/317
f 64/952/318 93/953/318 65/954/318
f 67/955/319 174/956/319 68/957/319
f 69/958/320 95/959/320 70/960/320
f 13/961/321 15/962/321 71/963/321
f 73/964/322 184/965/322 74/966/322
f 83/967/323 127/968/323 84/969/323
f 86/970/324 100/971/324 76/972/324
f 31/973/325 13/974/325 52/975/325
f 89/976/326 170/977/326 90/978/326
f 60/979/327 25/980/327 27/981/327
f 91/982/328 95/983/328 93/984/328
f 96/985/329 56/986/329 99/987/329
f 44/988/330 9/989/330 8/990/330
f 100/991/331 86/992/331 101/993/331
f 34/994/332 47/995/332 60/996/332
f 25/997/333 60/998/333 7/999/333
f 107/1000/334 111/1001/334 108/1002/334
f 115/1003/335 112/1004/335 113/1005/335
f 109/1006/336 108/1007/336 117/1008/336
f 54/1009/337 77/1010/337 118/1011/337
f 120/1012/338 102/1013/338 103/1014/338
f 122/1015/339 127/1016/339 83/1017/339
f 49/1018/340 114/1019/340 107/1020/340
f 55/1021/341 54/1022/341 129/1023/341
f 45/1024/342 351/1025/342 131/1026/342
f 132/1027/343 119/1028/343 133/1029/343
f 71/1030/344 15/1031/344 135/1032/344
f 137/1033/345 73/1034/345 75/1035/345
f 138/1036/346 2/1037/346 55/1038/346
f 115/1039/347 352/1040/347 139/1041/347
f 18/1042/348 145/1043/348 140/1044/348
f 142/1045/349 146/1046/349 143/1047/349
f 40/1048/350 26/1049/350 62/1050/350
f 145/1051/351 18/1052/351 17/1053/351
f 84/1054/352 127/1055/352 126/1056/352
f 114/1057/353 16/1058/353 147/1059/353
f 148/1060/354 353/1061/354 137/1062/354
f 149/1063/355 6/1064/355 85/1065/355
f 84/1066/356 146/1067/356 142/1068/356
f 152/1069/357 147/1070/357 153/1071/357
f 138/1072/358 354/1073/358 87/1074/358
f 50/1075/359 117/1076/359 139/1077/359
f 50/1078/360 155/1079/360 156/1080/360
f 143/1081/361 24/1082/361 157/1083/361
f 78/1084/362 118/1085/362 100/1086/362
f 158/1087/363 201/1088/363 40/1089/363
f 135/1090/364 39/1091/364 159/1092/364
f 157/1093/365 24/1094/365 23/1095/365
f 52/1096/366 165/1097/366 161/1098/366
f 162/1099/367 121/1100/367 163/1101/367
f 52/1102/368 13/1103/368 72/1104/368
f 166/1105/369 58/1106/369 167/1107/369
f 70/1108/370 196/1109/370 169/1110/370
f 170/1111/371 197/1112/371 171/1113/371
f 56/1114/372 58/1115/372 166/1116/372
f 169/1117/373 355/1118/373 174/1119/373
f 87/1120/374 354/1121/374 175/1122/374
f 129/1123/375 54/1124/375 119/1125/375
f 176/1126/376 207/1127/376 177/1128/376
f 53/1129/377 161/1130/377 179/1131/377
f 181/1132/378 92/1133/378 27/1134/378
f 175/1135/379 210/1136/379 101/1137/379
f 39/1138/380 38/1139/380 183/1140/380
f 85/1141/381 84/1142/381 151/1143/381
f 160/1144/382 23/1145/382 74/1146/382
f 131/1147/383 158/1148/383 42/1149/383
f 16/1150/384 205/1151/384 153/1152/384
f 10/1153/385 48/1154/385 156/1155/385
f 92/1156/386 181/1157/386 186/1158/386
f 187/1159/387 203/1160/387 116/1161/387
f 19/1162/388 21/1163/388 189/1164/388
f 191/1165/389 208/1166/389 192/1167/389
f 193/1168/390 353/1169/390 148/1170/390
f 66/1171/391 195/1172/391 194/1173/391
f 174/1174/392 355/1175/392 195/1176/392
f 172/1177/393 356/1178/393 90/1179/393
f 90/1180/394 356/1181/394 196/1182/394
f 194/1183/395 168/1184/395 167/1185/395
f 99/1186/396 198/1187/396 171/1188/396
f 99/1189/397 56/1190/397 173/1191/397
f 134/1192/398 133/1193/398 199/1194/398
f 187/1195/399 188/1196/399 152/1197/399
f 26/1198/400 40/1199/400 201/1200/400
f 203/1201/401 352/1202/401 115/1203/401
f 199/1204/402 209/1205/402 204/1206/402
f 162/1207/403 191/1208/403 120/1209/403
f 176/1210/404 178/1211/404 36/1212/404
f 204/1213/405 209/1214/405 19/1215/405
f 148/1216/406 28/1217/406 30/1218/406
f 178/1219/407 61/1220/407 46/1221/407
f 135/1222/408 15/1223/408 14/1224/408
f 21/1225/409 20/1226/409 79/1227/409
f 58/1228/410 57/1229/410 94/1230/410
f 123/1231/411 29/1232/411 75/1233/411
f 27/1234/412 26/1235/412 202/1236/412
f 16/1237/413 18/1238/413 141/1239/413
f 206/1240/414 8/1241/414 177/1242/414
f 183/1243/415 38/1244/415 192/1245/415
f 206/1246/416 351/1247/416 45/1248/416
f 95/1249/417 91/1250/417 90/1251/417
f 121/1252/418 103/1253/418 105/1254/418
f 163/1255/419 180/1256/419 179/1257/419
f 177/1258/420 7/1259/420 61/1260/420
f 102/1261/421 120/1262/421 192/1263/421
f 122/1264/422 123/1265/422 74/1266/422
f 78/1267/423 133/1268/423 119/1269/423
f 93/1270/424 64/1271/424 167/1272/424
f 209/1273/425 199/1274/425 81/1275/425
f 174/1276/426 66/1277/426 65/1278/426
f 24/1279/427 143/1280/427 128/1281/427
f 104/1282/428 51/1283/428 53/1284/428
f 146/1285/429 126/1286/429 128/1287/429
f 29/1288/430 123/1289/430 83/1290/430
f 117/1291/431 108/1292/431 112/1293/431
f 38/1294/432 33/1295/432 32/1296/432
f 197/1297/433 170/1298/433 89/1299/433
f 104/1300/434 180/1301/434 163/1302/434
f 6/1303/435 149/1304/435 193/1305/435
f 77/1306/436 76/1307/436 100/1308/436
f 51/1309/437 102/1310/437 32/1311/437
f 57/1312/438 89/1313/438 91/1314/438
f 189/1315/439 21/1316/439 101/1317/439
f 39/1318/440 135/1319/440 106/1320/440
f 6/1321/441 5/1322/441 83/1323/441
f 133/1324/442 78/1325/442 81/1326/442
f 80/1327/443 19/1328/443 209/1329/443
f 152/1330/444 111/1331/444 107/1332/444
f 110/1333/445 188/1334/445 116/1335/445
f 145/1336/446 10/1337/446 185/1338/446
f 2/1339/447 87/1340/447 76/1341/447
f 188/1342/448 110/1343/448 111/1344/448
f 197/1345/449 97/1346/449 98/1347/449
f 124/1348/450 4/1349/450 148/1350/450
f 211/1351/451 222/1352/451 212/1353/451
f 211/1354/452 213/1355/452 214/1356/452
f 216/1357/453 212/1358/453 217/1359/453
f 219/1360/454 233/1361/454 220/1362/454
f 222/1363/455 232/1364/455 217/1365/455
f 223/1366/456 219/1367/456 221/1368/456
f 215/1369/457 214/1370/457 225/1371/457
f 223/1372/458 224/1373/458 227/1374/458
f 229/1375/459 226/1376/459 225/1377/459
f 220/1378/460 218/1379/460 230/1380/460
f 218/1381/461 217/1382/461 230/1383/461
f 212/1384/462 216/1385/462 213/1386/462
f 216/1387/463 227/1388/463 213/1389/463
f 221/1390/464 220/1391/464 225/1392/464
f 220/1393/465 230/1394/465 225/1395/465
f 213/1396/466 227/1397/466 224/1398/466
f 221/1399/467 225/1400/467 224/1401/467
f 225/1402/468 214/1403/468 224/1404/468
f 228/1405/469 231/1406/469 211/1407/469
f 231/1408/470 222/1409/470 211/1410/470
f 232/1411/471 234/1412/471 229/1413/471
f 234/1414/472 233/1415/472 229/1416/472
f 223/1417/473 228/1418/473 211/1419/473
f 223/1420/474 211/1421/474 215/1422/474
f 229/1423/475 233/1424/475 226/1425/475
f 233/1426/476 219/1427/476 226/1428/476
f 223/1429/477 215/1430/477 226/1431/477
f 231/1432/478 234/1433/478 232/1434/478
f 218/1435/479 220/1436/479 233/1437/479
f 228/1438/480 227/1439/480 216/1440/480
f 232/1441/481 229/1442/481 230/1443/481
f 234/1444/482 231/1445/482 216/1446/482
f 235/1447/483 357/1448/483 236/1449/483
f 238/1450/484 242/1451/484 239/1452/484
f 238/1453/485 245/1454/485 241/1455/485
f 243/1456/486 254/1457/486 242/1458/486
f 244/1459/487 252/1460/487 245/1461/487
f 244/1462/488 238/1463/488 240/1464/488
f 250/1465/489 277/1466/489 251/1467/489
f 253/1468/490 262/1469/490 254/1470/490
f 255/1471/491 284/1472/491 256/1473/491
f 249/1474/492 247/1475/492 246/1476/492
f 258/1477/493 273/1478/493 259/1479/493
f 261/1480/494 270/1481/494 262/1482/494
f 245/1483/495 288/1484/495 263/1485/495
f 239/1486/496 285/1487/496 264/1488/496
f 249/1489/497 240/1490/497 266/1491/497
f 252/1492/498 244/1493/498 246/1494/498
f 236/1495/499 291/1496/499 237/1497/499
f 291/1498/500 257/1499/500 237/1500/500
f 257/1501/501 280/1502/501 268/1503/501
f 269/1504/502 275/1505/502 262/1506/502
f 271/1507/503 253/1508/503 243/1509/503
f 257/1510/504 291/1511/504 259/1512/504
f 291/1513/505 278/1514/505 259/1515/505
f 273/1516/506 255/1517/506 257/1518/506
f 269/1519/507 286/1520/507 274/1521/507
f 248/1522/508 247/1523/508 276/1524/508
f 277/1525/509 250/1526/509 248/1527/509
f 278/1528/510 358/1529/510 260/1530/510
f 279/1531/511 290/1532/511 280/1533/511
f 256/1534/512 270/1535/512 261/1536/512
f 282/1537/513 235/1538/513 237/1539/513
f 283/1540/514 279/1541/514 281/1542/514
f 280/1543/515 257/1544/515 256/1545/515
f 275/1546/516 285/1547/516 254/1548/516
f 267/1549/517 276/1550/517 247/1551/517
f 269/1552/518 270/1553/518 256/1554/518
f 240/1555/519 239/1556/519 265/1557/519
f 274/1558/520 264/1559/520 285/1560/520
f 284/1561/521 287/1562/521 286/1563/521
f 255/1564/522 289/1565/522 287/1566/522
f 252/1567/523 251/1568/523 288/1569/523
f 241/1570/524 263/1571/524 272/1572/524
f 271/1573/525 283/1574/525 261/1575/525
f 273/1576/526 258/1577/526 289/1578/526
f 290/1579/527 282/1580/527 268/1581/527
f 242/1582/528 254/1583/528 285/1584/528
f 350/1585/529 294/1586/529 293/1587/529
f 294/1588/530 349/1589/530 292/1590/530
f 349/1591/531 348/1592/531 292/1593/531
f 348/1594/532 359/1595/532 292/1596/532
f 295/1597/533 325/1598/533 296/1599/533
f 298/1600/534 340/1601/534 299/1602/534
f 301/1603/535 359/1604/535 292/1605/535
f 303/1606/536 311/1607/536 304/1608/536
f 306/1609/537 328/1610/537 307/1611/537
f 309/1612/538 305/1613/538 304/1614/538
f 311/1615/539 312/1616/539 310/1617/539
f 312/1618/540 306/1619/540 308/1620/540
f 313/1621/541 335/1622/541 314/1623/541
f 347/1624/542 317/1625/542 316/1626/542
f 317/1627/543 323/1628/543 302/1629/543
f 323/1630/544 360/1631/544 302/1632/544
f 360/1633/545 301/1634/545 302/1635/545
f 316/1636/546 302/1637/546 292/1638/546
f 318/1639/547 333/1640/547 319/1641/547
f 295/1642/548 297/1643/548 321/1644/548
f 294/1645/549 349/1646/549 323/1647/549
f 324/1648/550 338/1649/550 296/1650/550
f 326/1651/551 330/1652/551 327/1653/551
f 325/1654/552 295/1655/552 322/1656/552
f 329/1657/553 327/1658/553 330/1659/553
f 332/1660/554 361/1661/554 333/1662/554
f 334/1663/555 326/1664/555 328/1665/555
f 335/1666/556 313/1667/556 336/1668/556
f 322/1669/557 321/1670/557 338/1671/557
f 338/1672/558 321/1673/558 297/1674/558
f 339/1675/559 342/1676/559 337/1677/559
f 340/1678/560 361/1679/560 332/1680/560
f 320/1681/561 339/1682/561 300/1683/561
f 320/1684/562 319/1685/562 341/1686/562
f 341/1687/563 346/1688/563 342/1689/563
f 337/1690/564 336/1691/564 298/1692/564
f 312/1693/565 344/1694/565 334/1695/565
f 307/1696/566 345/1697/566 343/1698/566
f 311/1699/567 303/1700/567 344/1701/567
f 329/1702/568 331/1703/568 345/1704/568
f 346/1705/569 315/1706/569 314/1707/569
f 293/1708/570 350/1709/570 347/1710/570
f 307/1711/571 328/1712/571 327/1713/571
f 343/1714/572 309/1715/572 310/1716/572
f 320/1717/573 299/1718/573 332/1719/573
f 348/1720/574 360/1721/574 323/1722/574
f 337/1723/575 342/1724/575 314/1725/575
f 294/1726/576 317/1727/576 347/1728/576